id	id	category	prompt	syntax_valid	semantic_valid	error_category	error_detail	n_processes	expected_processes	matches_gt_steps	extra_steps	missing_steps	hallucinated_steps	included_steps	called_steps	ground_truth_steps	code_chars	code_lines	n_workflow_calls	turns	elapsed_s	llm_reply_excerpt	nextflow_code	ground_truth_code
A01_mlst_listeria	A01_mlst_listeria	A01	I have a Listeria monocytogenes assembly and I want to run MLST typing on it.	Y	Y	none		1	1	Y				step_4TY_MLST__mlst	step_4TY_MLST__mlst	step_4TY_MLST__mlst	319	18	1	2	8.8	Approved. I will proceed with the MLST typing step for your Listeria monocytogenes assembly using the specified component.	nextflow.enable.dsl=2\n\n// --- IMPORTS ---\n\ninclude { getAssembly } from '../functions/parameters.nf'\n\ninclude { step_4TY_MLST__mlst } from '../steps/step_4TY_MLST__mlst'\n\n// --- GLOBALS ---\n\n// --- INLINE PROCESSES ---\n\n// --- SUB WORKFLOWS ---\n\n// --- ENTRYPOINT ---\nworkflow {\n    step_4TY_MLST__mlst(getAssembly())\n}	nextflow.enable.dsl=2\n\ninclude { getInput; optionalOrDefault; param } from '../functions/parameters.nf'\ninclude { step_4TY_MLST__mlst } from '../steps/step_4TY_MLST__mlst'\nworkflow {\n    step_4TY_MLST__mlst(getInput())\n}\n
A02_mlst_ecoli	A02_mlst_ecoli	A02	Run MLST typing on an Escherichia coli assembly.	Y	Y	none		1	1	Y				step_4TY_MLST__mlst	step_4TY_MLST__mlst	step_4TY_MLST__mlst	319	18	1	2	8.3	Approved. I will proceed with MLST typing for your Escherichia coli assembly using the specified component.	nextflow.enable.dsl=2\n\n// --- IMPORTS ---\n\ninclude { getAssembly } from '../functions/parameters.nf'\n\ninclude { step_4TY_MLST__mlst } from '../steps/step_4TY_MLST__mlst'\n\n// --- GLOBALS ---\n\n// --- INLINE PROCESSES ---\n\n// --- SUB WORKFLOWS ---\n\n// --- ENTRYPOINT ---\nworkflow {\n    step_4TY_MLST__mlst(getAssembly())\n}	nextflow.enable.dsl=2\n\ninclude { getInput; optionalOrDefault; param } from '../functions/parameters.nf'\ninclude { step_4TY_MLST__mlst } from '../steps/step_4TY_MLST__mlst'\nworkflow {\n    step_4TY_MLST__mlst(getInput())\n}\n
A03_mlst_salmonella	A03_mlst_salmonella	A03	Classic MLST (PubMLST) on a Salmonella enterica assembly.	Y	N	missing_param	ERROR ~ missing required param: step_3TX_species__kmerfinder__db	0	1	N	step_2AS_mapping__bowtie, step_3TX_species__kmerfinder, step_4AN_AMR__abricate, step_4AN_AMR__staramr, step_4AN_genes__prokka, step_4TY_cgMLST__chewbbaca, step_4TY_flaA__flaA			step_2AS_mapping__bowtie, step_3TX_species__kmerfinder, step_4AN_AMR__abricate, step_4AN_AMR__staramr, step_4AN_genes__prokka, step_4TY_MLST__mlst, step_4TY_cgMLST__chewbbaca, step_4TY_flaA__flaA	step_3TX_species__kmerfinder, step_2AS_mapping__bowtie, step_4AN_AMR__abricate, step_4AN_genes__prokka, step_4AN_AMR__staramr, step_4TY_MLST__mlst, step_4TY_flaA__flaA, step_4TY_cgMLST__chewbbaca	step_4TY_MLST__mlst	2240	76	8	2	25.6	Perfetto! Procederò con il modulo `module_typing_bacteria` per eseguire l'MLST su Salmonella enterica. Questo modulo include il passo `step_4TY_MLST__mlst` e altri strumenti utili per l'analisi batterica.	nextflow.enable.dsl=2\n\n// --- IMPORTS ---\n\ninclude { getAssembly; getTrimmedReads } from '../functions/parameters.nf'\n\ninclude { step_4TY_flaA__flaA } from '../steps/step_4TY_flaA__flaA'\n\ninclude { step_4AN_AMR__abricate } from '../steps/step_4AN_AMR__abricate'\n\ninclude { step_4AN_genes__prokka } from '../steps/step_4AN_genes__prokka'\n\ninclude { extractKey; getEmpty } from '../functions/common.nf'\n\ninclude { step_2AS_mapping__bowtie } from '../steps/step_2AS_mapping__bowtie'\n\ninclude { step_4TY_cgMLST__chewbbaca } from '../steps/step_4TY_cgMLST__chewbbaca'\n\ninclude { step_4AN_AMR__staramr } from '../steps/step_4AN_AMR__staramr'\n\ninclude { step_4TY_MLST__mlst } from '../steps/step_4TY_MLST__mlst'\n\ninclude { step_3TX_species__kmerfinder } from '../steps/step_3TX_species__kmerfinder'\n\n// --- GLOBALS ---\n\n// --- INLINE PROCESSES ---\n\n// --- SUB WORKFLOWS ---\n\nworkflow module_typing_bacteria {\n    \n    take:\n        \n        trimmed\n        \n        assembly\n        \n    \n    main:\n        assigned_species = step_3TX_species__kmerfinder(assembly).assigned_species\n\n        if (!params.skip_bestref_mapping) {\n          trimmed.cross(assigned_species) { extractKey(it) }.multiMap {\n            trimmed: it[0]\n            species: it[1][1]\n            referencePath: it[1][2]\n          }.set { trimAndAndSpecies }\n          step_2AS_mapping__bowtie(trimAndAndSpecies.trimmed, trimAndAndSpecies.referencePath)\n        }\n\n        step_4AN_AMR__abricate(assembly)\n\n        step_4AN_genes__prokka(assembly.map{ [ it[0], it[1], 'Bacteria', '-', '-', getEmpty() ] })\n\n        assembly.cross(assigned_species) { extractKey(it) }.multiMap {\n          assembly: it[0]\n          species: it[1][1]\n        }.set { assemblyAndSpecies }\n\n        step_4AN_AMR__staramr(assemblyAndSpecies.assembly, assemblyAndSpecies.species)\n        step_4TY_MLST__mlst(assemblyAndSpecies.assembly)\n        step_4TY_flaA__flaA(assemblyAndSpecies.assembly, assemblyAndSpecies.species)\n        step_4TY_cgMLST__chewbbaca(assemblyAndSpecies.assembly, assemblyAndSpecies.species, '')\n    \n    emit:\n        \n        genus_species = assigned_species\n        \n    \n}\n\n// --- ENTRYPOINT ---\nworkflow {\n    module_typing_bacteria(getTrimmedReads(true), getAssembly())\n}	nextflow.enable.dsl=2\n\ninclude { getInput; optionalOrDefault; param } from '../functions/parameters.nf'\ninclude { step_4TY_MLST__mlst } from '../steps/step_4TY_MLST__mlst'\nworkflow {\n    step_4TY_MLST__mlst(getInput())\n}\n
A04_cgmlst_listeria	A04_cgmlst_listeria	A04	cgMLST allelic profile for Listeria monocytogenes from a pre-existing assembly.	Y	N	missing_param	ERROR ~ missing required param: step_3TX_species__kmerfinder__db	0	3	N		step_4TY_cgMLST__chewbbaca				step_4TY_cgMLST__chewbbaca	370	18	0	2	9.7	Pipeline approved. I will now prepare the detailed plan for the Architect Agent to build the cgMLST allelic profile pipeline for Listeria monocytogenes using the assembly you provided.	nextflow.enable.dsl=2\n\n// --- IMPORTS ---\n\ninclude { module_typing_bacteria } from '../modules/module_typing_bacteria'\n\ninclude { getAssembly; getTrimmedReads } from '../functions/parameters.nf'\n\n// --- GLOBALS ---\n\n// --- INLINE PROCESSES ---\n\n// --- SUB WORKFLOWS ---\n\n// --- ENTRYPOINT ---\nworkflow {\n    module_typing_bacteria(getTrimmedReads(true), getAssembly())\n}	nextflow.enable.dsl=2\n\ninclude { getInput; optionalOrDefault; param } from '../functions/parameters.nf'\ninclude { step_4TY_cgMLST__chewbbaca } from '../steps/step_4TY_cgMLST__chewbbaca'\nworkflow {\n    step_4TY_cgMLST__chewbbaca(getInput(), param('genus_species'), optionalOrDefault('schema', ''))\n}\n
A05_cgmlst_ecoli	A05_cgmlst_ecoli	A05	cgMLST allelic profile on an Escherichia coli assembly.	Y	Y	none		3	3	Y				step_4TY_cgMLST__chewbbaca	step_4TY_cgMLST__chewbbaca	step_4TY_cgMLST__chewbbaca	423	18	1	2	10.2	Understood. I will proceed with generating a cgMLST allelic profile for your Escherichia coli assembly using the `step_4TY_cgMLST__chewbbaca` component. If you have any additional requirements or changes, let me know before I finalize the plan.	nextflow.enable.dsl=2\n\n// --- IMPORTS ---\n\ninclude { getAssembly; optionalOrDefault; param } from '../functions/parameters.nf'\n\ninclude { step_4TY_cgMLST__chewbbaca } from '../steps/step_4TY_cgMLST__chewbbaca'\n\n// --- GLOBALS ---\n\n// --- INLINE PROCESSES ---\n\n// --- SUB WORKFLOWS ---\n\n// --- ENTRYPOINT ---\nworkflow {\n    step_4TY_cgMLST__chewbbaca(getAssembly(), param('genus_species'), optionalOrDefault('schema', ''))\n}	nextflow.enable.dsl=2\n\ninclude { getInput; optionalOrDefault; param } from '../functions/parameters.nf'\ninclude { step_4TY_cgMLST__chewbbaca } from '../steps/step_4TY_cgMLST__chewbbaca'\nworkflow {\n    step_4TY_cgMLST__chewbbaca(getInput(), param('genus_species'), optionalOrDefault('schema', ''))\n}\n
A06_cgmlst_salmonella	A06_cgmlst_salmonella	A06	Generate cgMLST allelic profiles starting from a Salmonella enterica assembly.	Y	Y	none		3	3	Y				step_4TY_cgMLST__chewbbaca	step_4TY_cgMLST__chewbbaca	step_4TY_cgMLST__chewbbaca	423	18	1	2	9.5	Approved. I will generate a pipeline to create cgMLST allelic profiles for Salmonella enterica using the assembly and genus_species information.	nextflow.enable.dsl=2\n\n// --- IMPORTS ---\n\ninclude { getAssembly; optionalOrDefault; param } from '../functions/parameters.nf'\n\ninclude { step_4TY_cgMLST__chewbbaca } from '../steps/step_4TY_cgMLST__chewbbaca'\n\n// --- GLOBALS ---\n\n// --- INLINE PROCESSES ---\n\n// --- SUB WORKFLOWS ---\n\n// --- ENTRYPOINT ---\nworkflow {\n    step_4TY_cgMLST__chewbbaca(getAssembly(), param('genus_species'), optionalOrDefault('schema', ''))\n}	nextflow.enable.dsl=2\n\ninclude { getInput; optionalOrDefault; param } from '../functions/parameters.nf'\ninclude { step_4TY_cgMLST__chewbbaca } from '../steps/step_4TY_cgMLST__chewbbaca'\nworkflow {\n    step_4TY_cgMLST__chewbbaca(getInput(), param('genus_species'), optionalOrDefault('schema', ''))\n}\n
A07_flaa_campylobacter	A07_flaa_campylobacter	A07	Run flaA typing on a Campylobacter assembly.	Y	Y	none		1	1	Y				step_4TY_flaA__flaA	step_4TY_flaA__flaA	step_4TY_flaA__flaA	350	18	1	2	8.9	I will proceed with the flaA typing step for your Campylobacter assembly using the specified component.	nextflow.enable.dsl=2\n\n// --- IMPORTS ---\n\ninclude { getAssembly; param } from '../functions/parameters.nf'\n\ninclude { step_4TY_flaA__flaA } from '../steps/step_4TY_flaA__flaA'\n\n// --- GLOBALS ---\n\n// --- INLINE PROCESSES ---\n\n// --- SUB WORKFLOWS ---\n\n// --- ENTRYPOINT ---\nworkflow {\n    step_4TY_flaA__flaA(getAssembly(), param('genus_species'))\n}	nextflow.enable.dsl=2\n\ninclude { getInput; optionalOrDefault; param } from '../functions/parameters.nf'\ninclude { step_4TY_flaA__flaA } from '../steps/step_4TY_flaA__flaA'\nworkflow {\n    step_4TY_flaA__flaA(getInput(), param('genus_species'))\n}\n
A08_staramr_campylobacter	A08_staramr_campylobacter	A08	AMR profiling with staramr on a Campylobacter assembly.	Y	N	missing_param	ERROR ~ missing required param: step_3TX_species__kmerfinder__db	0	1	N	step_3TX_species__kmerfinder			step_3TX_species__kmerfinder, step_4AN_AMR__staramr	step_3TX_species__kmerfinder, step_4AN_AMR__staramr	step_4AN_AMR__staramr	583	21	2	2	9.7	Understood! I will design a pipeline that includes species identification using `step_3TX_species__kmerfinder` followed by AMR profiling with `step_4AN_AMR__staramr`.	nextflow.enable.dsl=2\n\n// --- IMPORTS ---\n\ninclude { step_4AN_AMR__staramr } from '../steps/step_4AN_AMR__staramr'\n\ninclude { step_3TX_species__kmerfinder } from '../steps/step_3TX_species__kmerfinder'\n\ninclude { getSingleInput } from '../functions/parameters.nf'\n\n// --- GLOBALS ---\n\n// --- INLINE PROCESSES ---\n\n// --- SUB WORKFLOWS ---\n\n// --- ENTRYPOINT ---\nworkflow {\n    kmerfinder_out = step_3TX_species__kmerfinder(getSingleInput())\n    step_4AN_AMR__staramr(kmerfinder_out.assigned_species.map { [ it[0], it[1], it[2][1] ] }, kmerfinder_out.assigned_species.map { it[1] })\n}	nextflow.enable.dsl=2\n\ninclude { getSingleInput; optionalOrDefault; param } from '../functions/parameters.nf'\ninclude { step_4AN_AMR__staramr } from '../steps/step_4AN_AMR__staramr'\nworkflow {\n    step_4AN_AMR__staramr(getSingleInput(), param('genus_species'))\n}\n
B01_spades_listeria	B01_spades_listeria	B01	De novo genome assembly with SPAdes from Illumina paired-end reads of Listeria monocytogenes.	Y	Y	none		6	3	N	step_1PP_trimming__fastp			step_1PP_trimming__fastp, step_2AS_denovo__spades	step_1PP_trimming__fastp, step_2AS_denovo__spades	step_2AS_denovo__spades	472	21	2	2	11.4	The pipeline for de novo genome assembly of Listeria monocytogenes using SPAdes with Illumina paired-end reads has been approved. I will now draft the detailed plan for the Architect Agent.	nextflow.enable.dsl=2\n\n// --- IMPORTS ---\n\ninclude { step_2AS_denovo__spades } from '../steps/step_2AS_denovo__spades'\n\ninclude { getSingleInput } from '../functions/parameters.nf'\n\ninclude { step_1PP_trimming__fastp } from '../steps/step_1PP_trimming__fastp'\n\n// --- GLOBALS ---\n\n// --- INLINE PROCESSES ---\n\n// --- SUB WORKFLOWS ---\n\n// --- ENTRYPOINT ---\nworkflow {\n    trimmed = step_1PP_trimming__fastp(getSingleInput()).trimmed\n    step_2AS_denovo__spades(trimmed)\n}	nextflow.enable.dsl=2\n\ninclude { getSingleInput; optionalOrDefault; param } from '../functions/parameters.nf'\ninclude { step_2AS_denovo__spades } from '../steps/step_2AS_denovo__spades'\nworkflow {\n    step_2AS_denovo__spades(getSingleInput())\n}\n
B02_shovill_ecoli	B02_shovill_ecoli	B02	Quick bacterial genome assembly with Shovill from Illumina reads (Escherichia coli).	Y	N	silent_no_op	No process placeholders appeared. when: clause filtered everything?	0	3	Y					step_2AS_denovo__shovill	step_2AS_denovo__shovill	579	34	1	2	24.5	⚠️ **Generation Warning**: I reached the maximum number of attempts trying to generate a perfectly valid pipeline. I have output the current draft as a **best effort**, but please note that the generated code **might have errors or missing components** based on the strict DSL2 rules.	// ⚠️ WARNING: Pipeline generation failed strict DSL2 validation.\n// The code above is potentially broken or incomplete and was output as a best-effort draft.\n\nnextflow.enable.dsl=2\n\n// --- IMPORTS ---\n\n// --- GLOBALS ---\n\n// --- INLINE PROCESSES ---\n\n// --- SUB WORKFLOWS ---\n\nworkflow module_wgs_bacteria {\n    \n    take:\n        \n        trimmedReads\n        \n    \n    main:\n        step_2AS_denovo__shovill(trimmedReads)\n    \n    emit:\n        \n        step_2AS_denovo__shovill.out\n        \n    \n}\n\n// --- ENTRYPOINT ---\nworkflow {\n    module_wgs_bacteria(getSingleInput())\n}	nextflow.enable.dsl=2\n\ninclude { getSingleInput; optionalOrDefault; param } from '../functions/parameters.nf'\ninclude { step_2AS_denovo__shovill } from '../steps/step_2AS_denovo__shovill'\nworkflow {\n    step_2AS_denovo__shovill(getSingleInput())\n}\n
B03_unicycler_salmonella	B03_unicycler_salmonella	B03	Assemble a Salmonella enterica genome with Unicycler from Illumina paired-end reads.	Y	Y	none		6	3	N	step_1PP_trimming__fastp			step_1PP_trimming__fastp, step_2AS_denovo__unicycler	step_1PP_trimming__fastp, step_2AS_denovo__unicycler	step_2AS_denovo__unicycler	481	21	2	2	9.5	Approved! I will proceed with the pipeline for assembling a Salmonella enterica genome from Illumina paired-end reads using Unicycler. The pipeline will include preprocessing with fastp for trimming and assembly with Unicycler.	nextflow.enable.dsl=2\n\n// --- IMPORTS ---\n\ninclude { step_2AS_denovo__unicycler } from '../steps/step_2AS_denovo__unicycler'\n\ninclude { getSingleInput } from '../functions/parameters.nf'\n\ninclude { step_1PP_trimming__fastp } from '../steps/step_1PP_trimming__fastp'\n\n// --- GLOBALS ---\n\n// --- INLINE PROCESSES ---\n\n// --- SUB WORKFLOWS ---\n\n// --- ENTRYPOINT ---\nworkflow {\n    trimmed = step_1PP_trimming__fastp(getSingleInput()).trimmed\n    step_2AS_denovo__unicycler(trimmed)\n}	nextflow.enable.dsl=2\n\ninclude { getSingleInput; optionalOrDefault; param } from '../functions/parameters.nf'\ninclude { step_2AS_denovo__unicycler } from '../steps/step_2AS_denovo__unicycler'\nworkflow {\n    step_2AS_denovo__unicycler(getSingleInput())\n}\n
B04_plasmidspades	B04_plasmidspades	B04	I want to assemble plasmids only from Illumina paired-end reads using plasmidSPAdes.	Y	Y	none		3	3	Y				step_2AS_denovo__plasmidspades	step_2AS_denovo__plasmidspades	step_2AS_denovo__plasmidspades	358	18	1	2	8.6	Approved! I will proceed with assembling plasmids from Illumina paired-end reads using plasmidSPAdes.	nextflow.enable.dsl=2\n\n// --- IMPORTS ---\n\ninclude { step_2AS_denovo__plasmidspades } from '../steps/step_2AS_denovo__plasmidspades'\n\ninclude { getSingleInput } from '../functions/parameters.nf'\n\n// --- GLOBALS ---\n\n// --- INLINE PROCESSES ---\n\n// --- SUB WORKFLOWS ---\n\n// --- ENTRYPOINT ---\nworkflow {\n    step_2AS_denovo__plasmidspades(getSingleInput())\n}	nextflow.enable.dsl=2\n\ninclude { getSingleInput; optionalOrDefault; param } from '../functions/parameters.nf'\ninclude { step_2AS_denovo__plasmidspades } from '../steps/step_2AS_denovo__plasmidspades'\nworkflow {\n    step_2AS_denovo__plasmidspades(getSingleInput())\n}\n
B05_metaspades	B05_metaspades	B05	Run metagenomic assembly with metaSPAdes on paired-end Illumina reads from an environmental sample.	Y	Y	none		3	3	Y				step_2MG_denovo__metaspades	step_2MG_denovo__metaspades	step_2MG_denovo__metaspades	349	18	1	2	10.0	Approved. I will proceed with the metagenomic assembly pipeline using metaSPAdes for your paired-end Illumina reads from an environmental sample.	nextflow.enable.dsl=2\n\n// --- IMPORTS ---\n\ninclude { getSingleInput } from '../functions/parameters.nf'\n\ninclude { step_2MG_denovo__metaspades } from '../steps/step_2MG_denovo__metaspades'\n\n// --- GLOBALS ---\n\n// --- INLINE PROCESSES ---\n\n// --- SUB WORKFLOWS ---\n\n// --- ENTRYPOINT ---\nworkflow {\n    step_2MG_denovo__metaspades(getSingleInput())\n}	nextflow.enable.dsl=2\n\ninclude { getSingleInput; optionalOrDefault; param } from '../functions/parameters.nf'\ninclude { step_2MG_denovo__metaspades } from '../steps/step_2MG_denovo__metaspades'\nworkflow {\n    step_2MG_denovo__metaspades(getSingleInput())\n}\n
C01_kmerfinder	C01_kmerfinder	C01	Identify the species of an unknown bacterial isolate from Illumina paired FASTQ using KmerFinder.	Y	Y	none		7	1	N	step_1PP_trimming__fastp, step_2AS_denovo__spades			step_1PP_trimming__fastp, step_2AS_denovo__spades, step_3TX_species__kmerfinder	step_1PP_trimming__fastp, step_2AS_denovo__spades, step_3TX_species__kmerfinder	step_3TX_species__kmerfinder	625	24	3	2	12.0	Thank you for approving the pipeline. I will now proceed with the design using the specified components for species identification of your unknown bacterial isolate from Illumina paired FASTQ data.	nextflow.enable.dsl=2\n\n// --- IMPORTS ---\n\ninclude { step_3TX_species__kmerfinder } from '../steps/step_3TX_species__kmerfinder'\n\ninclude { step_2AS_denovo__spades } from '../steps/step_2AS_denovo__spades'\n\ninclude { getSingleInput } from '../functions/parameters.nf'\n\ninclude { step_1PP_trimming__fastp } from '../steps/step_1PP_trimming__fastp'\n\n// --- GLOBALS ---\n\n// --- INLINE PROCESSES ---\n\n// --- SUB WORKFLOWS ---\n\n// --- ENTRYPOINT ---\nworkflow {\n    trimmed = step_1PP_trimming__fastp(getSingleInput()).trimmed\n    assembled = step_2AS_denovo__spades(trimmed).assembled\n    step_3TX_species__kmerfinder(assembled)\n}	nextflow.enable.dsl=2\n\ninclude { getInput; optionalOrDefault; param } from '../functions/parameters.nf'\ninclude { step_3TX_species__kmerfinder } from '../steps/step_3TX_species__kmerfinder'\nworkflow {\n    step_3TX_species__kmerfinder(getInput())\n}\n
C02_mash	C02_mash	C02	Run Mash sketch-based species identification on paired-end Illumina reads.	Y	Y	none		1	1	Y				step_3TX_species__mash	step_3TX_species__mash	step_3TX_species__mash	334	18	1	2	7.6	Approved. I will proceed with running Mash sketch-based species identification on your paired-end Illumina reads using the `step_3TX_species__mash` component.	nextflow.enable.dsl=2\n\n// --- IMPORTS ---\n\ninclude { getSingleInput } from '../functions/parameters.nf'\n\ninclude { step_3TX_species__mash } from '../steps/step_3TX_species__mash'\n\n// --- GLOBALS ---\n\n// --- INLINE PROCESSES ---\n\n// --- SUB WORKFLOWS ---\n\n// --- ENTRYPOINT ---\nworkflow {\n    step_3TX_species__mash(getSingleInput())\n}	nextflow.enable.dsl=2\n\ninclude { getSingleInput; optionalOrDefault; param } from '../functions/parameters.nf'\ninclude { step_3TX_species__mash } from '../steps/step_3TX_species__mash'\nworkflow {\n    step_3TX_species__mash(getSingleInput())\n}\n
C03_kraken2	C03_kraken2	C03	Taxonomic classification of paired-end Illumina reads with Kraken2.	Y	Y	none		2	2	Y				step_3TX_class__kraken2	step_3TX_class__kraken2	step_3TX_class__kraken2	337	18	1	2	6.7	The pipeline for taxonomic classification of your paired-end Illumina reads using Kraken2 has been approved. I will now proceed with the implementation.	nextflow.enable.dsl=2\n\n// --- IMPORTS ---\n\ninclude { getSingleInput } from '../functions/parameters.nf'\n\ninclude { step_3TX_class__kraken2 } from '../steps/step_3TX_class__kraken2'\n\n// --- GLOBALS ---\n\n// --- INLINE PROCESSES ---\n\n// --- SUB WORKFLOWS ---\n\n// --- ENTRYPOINT ---\nworkflow {\n    step_3TX_class__kraken2(getSingleInput())\n}	nextflow.enable.dsl=2\n\ninclude { getSingleInput; optionalOrDefault; param } from '../functions/parameters.nf'\ninclude { step_3TX_class__kraken2 } from '../steps/step_3TX_class__kraken2'\nworkflow {\n    step_3TX_class__kraken2(getSingleInput())\n}\n
D01_fastp_spades_lis	D01_fastp_spades_lis	D01	From Illumina paired-end FASTQ of Listeria monocytogenes: trim with fastp and assemble with SPAdes.	Y	Y	none		6	6	Y				step_1PP_trimming__fastp, step_2AS_denovo__spades	step_1PP_trimming__fastp, step_2AS_denovo__spades	step_1PP_trimming__fastp, step_2AS_denovo__spades	472	21	2	2	11.8	Approved! I will design a pipeline to trim Illumina paired-end FASTQ reads with fastp and assemble them with SPAdes.	nextflow.enable.dsl=2\n\n// --- IMPORTS ---\n\ninclude { step_2AS_denovo__spades } from '../steps/step_2AS_denovo__spades'\n\ninclude { getSingleInput } from '../functions/parameters.nf'\n\ninclude { step_1PP_trimming__fastp } from '../steps/step_1PP_trimming__fastp'\n\n// --- GLOBALS ---\n\n// --- INLINE PROCESSES ---\n\n// --- SUB WORKFLOWS ---\n\n// --- ENTRYPOINT ---\nworkflow {\n    trimmed = step_1PP_trimming__fastp(getSingleInput()).trimmed\n    step_2AS_denovo__spades(trimmed)\n}	nextflow.enable.dsl=2\n\ninclude { getSingleInput; optionalOrDefault; param } from '../functions/parameters.nf'\ninclude { step_1PP_trimming__fastp } from '../steps/step_1PP_trimming__fastp'\ninclude { step_2AS_denovo__spades } from '../steps/step_2AS_denovo__spades'\nworkflow {\n    trimmed   = step_1PP_trimming__fastp(getSingleInput()).trimmed\n    assembled = step_2AS_denovo__spades(trimmed).assembled\n}\n
D02_fastp_shovill_eco	D02_fastp_shovill_eco	D02	Trim Illumina paired reads with fastp then assemble with Shovill (Escherichia coli).	Y	Y	none		6	6	Y				step_1PP_trimming__fastp, step_2AS_denovo__shovill	step_1PP_trimming__fastp, step_2AS_denovo__shovill	step_1PP_trimming__fastp, step_2AS_denovo__shovill	495	21	2	2	8.5	Approved! I will now draft the pipeline for trimming Illumina paired reads with fastp and assembling with Shovill for Escherichia coli.	nextflow.enable.dsl=2\n\n// --- IMPORTS ---\n\ninclude { step_2AS_denovo__shovill } from '../steps/step_2AS_denovo__shovill'\n\ninclude { getSingleInput } from '../functions/parameters.nf'\n\ninclude { step_1PP_trimming__fastp } from '../steps/step_1PP_trimming__fastp'\n\n// --- GLOBALS ---\n\n// --- INLINE PROCESSES ---\n\n// --- SUB WORKFLOWS ---\n\n// --- ENTRYPOINT ---\nworkflow {\n    trimmed = step_1PP_trimming__fastp(getSingleInput()).trimmed\n    assembly = step_2AS_denovo__shovill(trimmed).assembly\n}	nextflow.enable.dsl=2\n\ninclude { getSingleInput; optionalOrDefault; param } from '../functions/parameters.nf'\ninclude { step_1PP_trimming__fastp } from '../steps/step_1PP_trimming__fastp'\ninclude { step_2AS_denovo__shovill } from '../steps/step_2AS_denovo__shovill'\nworkflow {\n    trimmed   = step_1PP_trimming__fastp(getSingleInput()).trimmed\n    assembled = step_2AS_denovo__shovill(trimmed).assembly\n}\n
D03_trimmomatic_spades	D03_trimmomatic_spades	D03	Pipeline: trim with Trimmomatic, assemble with SPAdes. Illumina paired-end.	Y	Y	none		6	6	Y				step_1PP_trimming__trimmomatic, step_2AS_denovo__spades	step_1PP_trimming__trimmomatic, step_2AS_denovo__spades	step_1PP_trimming__trimmomatic, step_2AS_denovo__spades	512	21	2	2	10.6	Thank you for approving the pipeline. I will now proceed with the implementation using the specified steps.	nextflow.enable.dsl=2\n\n// --- IMPORTS ---\n\ninclude { step_1PP_trimming__trimmomatic } from '../steps/step_1PP_trimming__trimmomatic'\n\ninclude { step_2AS_denovo__spades } from '../steps/step_2AS_denovo__spades'\n\ninclude { getSingleInput } from '../functions/parameters.nf'\n\n// --- GLOBALS ---\n\n// --- INLINE PROCESSES ---\n\n// --- SUB WORKFLOWS ---\n\n// --- ENTRYPOINT ---\nworkflow {\n    trimmed = step_1PP_trimming__trimmomatic(getSingleInput()).trimmed\n    assembled = step_2AS_denovo__spades(trimmed).assembled\n}	nextflow.enable.dsl=2\n\ninclude { getSingleInput; optionalOrDefault; param } from '../functions/parameters.nf'\ninclude { step_1PP_trimming__trimmomatic } from '../steps/step_1PP_trimming__trimmomatic'\ninclude { step_2AS_denovo__spades } from '../steps/step_2AS_denovo__spades'\nworkflow {\n    trimmed   = step_1PP_trimming__trimmomatic(getSingleInput()).trimmed\n    assembled = step_2AS_denovo__spades(trimmed).assembled\n}\n
D04_fastp_unicycler_sal	D04_fastp_unicycler_sal	D04	Trim and assemble a Salmonella isolate from Illumina paired-end FASTQ (fastp + Unicycler).	Y	Y	none		6	6	Y				step_1PP_trimming__fastp, step_2AS_denovo__unicycler	step_1PP_trimming__fastp, step_2AS_denovo__unicycler	step_1PP_trimming__fastp, step_2AS_denovo__unicycler	481	21	2	2	9.6	Pipeline approved! I will now design the Nextflow DSL2 pipeline using the specified components for trimming and assembly.	nextflow.enable.dsl=2\n\n// --- IMPORTS ---\n\ninclude { step_2AS_denovo__unicycler } from '../steps/step_2AS_denovo__unicycler'\n\ninclude { getSingleInput } from '../functions/parameters.nf'\n\ninclude { step_1PP_trimming__fastp } from '../steps/step_1PP_trimming__fastp'\n\n// --- GLOBALS ---\n\n// --- INLINE PROCESSES ---\n\n// --- SUB WORKFLOWS ---\n\n// --- ENTRYPOINT ---\nworkflow {\n    trimmed = step_1PP_trimming__fastp(getSingleInput()).trimmed\n    step_2AS_denovo__unicycler(trimmed)\n}	nextflow.enable.dsl=2\n\ninclude { getSingleInput; optionalOrDefault; param } from '../functions/parameters.nf'\ninclude { step_1PP_trimming__fastp } from '../steps/step_1PP_trimming__fastp'\ninclude { step_2AS_denovo__unicycler } from '../steps/step_2AS_denovo__unicycler'\nworkflow {\n    trimmed   = step_1PP_trimming__fastp(getSingleInput()).trimmed\n    assembled = step_2AS_denovo__unicycler(trimmed).assembled\n}\n
D05_fastp_spades_cam	D05_fastp_spades_cam	D05	Trim and de novo assembly (fastp + SPAdes) for a paired-end Illumina Campylobacter sample.	Y	Y	none		6	6	Y				step_1PP_trimming__fastp, step_2AS_denovo__spades	step_1PP_trimming__fastp, step_2AS_denovo__spades	step_1PP_trimming__fastp, step_2AS_denovo__spades	494	21	2	2	11.8	Pipeline approved. I will now prepare the detailed plan for the Architect Agent to build the pipeline using fastp for trimming and SPAdes for de novo assembly.	nextflow.enable.dsl=2\n\n// --- IMPORTS ---\n\ninclude { step_2AS_denovo__spades } from '../steps/step_2AS_denovo__spades'\n\ninclude { getSingleInput } from '../functions/parameters.nf'\n\ninclude { step_1PP_trimming__fastp } from '../steps/step_1PP_trimming__fastp'\n\n// --- GLOBALS ---\n\n// --- INLINE PROCESSES ---\n\n// --- SUB WORKFLOWS ---\n\n// --- ENTRYPOINT ---\nworkflow {\n    trimmed = step_1PP_trimming__fastp(getSingleInput()).trimmed\n    assembled = step_2AS_denovo__spades(trimmed).assembled\n}	nextflow.enable.dsl=2\n\ninclude { getSingleInput; optionalOrDefault; param } from '../functions/parameters.nf'\ninclude { step_1PP_trimming__fastp } from '../steps/step_1PP_trimming__fastp'\ninclude { step_2AS_denovo__spades } from '../steps/step_2AS_denovo__spades'\nworkflow {\n    trimmed   = step_1PP_trimming__fastp(getSingleInput()).trimmed\n    assembled = step_2AS_denovo__spades(trimmed).assembled\n}\n
E01_mlst_lis	E01_mlst_lis	E01	Classic MLST on Listeria monocytogenes from paired-end Illumina FASTQ (trim + assembly + MLST).	Y	Y	none		7	7	Y				step_1PP_trimming__fastp, step_2AS_denovo__spades, step_4TY_MLST__mlst	step_1PP_trimming__fastp, step_2AS_denovo__spades, step_4TY_MLST__mlst	step_1PP_trimming__fastp, step_2AS_denovo__spades, step_4TY_MLST__mlst	598	24	3	2	25.5	Pipeline approved. I will now prepare the detailed plan for the Architect Agent to build the MLST pipeline for Listeria monocytogenes using the specified components.	nextflow.enable.dsl=2\n\n// --- IMPORTS ---\n\ninclude { step_4TY_MLST__mlst } from '../steps/step_4TY_MLST__mlst'\n\ninclude { step_2AS_denovo__spades } from '../steps/step_2AS_denovo__spades'\n\ninclude { getSingleInput } from '../functions/parameters.nf'\n\ninclude { step_1PP_trimming__fastp } from '../steps/step_1PP_trimming__fastp'\n\n// --- GLOBALS ---\n\n// --- INLINE PROCESSES ---\n\n// --- SUB WORKFLOWS ---\n\n// --- ENTRYPOINT ---\nworkflow {\n    trimmed = step_1PP_trimming__fastp(getSingleInput()).trimmed\n    assembled = step_2AS_denovo__spades(trimmed).assembled\n    step_4TY_MLST__mlst(assembled)\n}	nextflow.enable.dsl=2\n\ninclude { getSingleInput; optionalOrDefault; param } from '../functions/parameters.nf'\ninclude { step_1PP_trimming__fastp } from '../steps/step_1PP_trimming__fastp'\ninclude { step_2AS_denovo__spades } from '../steps/step_2AS_denovo__spades'\ninclude { step_4TY_MLST__mlst } from '../steps/step_4TY_MLST__mlst'\nworkflow {\n    trimmed   = step_1PP_trimming__fastp(getSingleInput()).trimmed\n    assembled = step_2AS_denovo__spades(trimmed).assembled\n    step_4TY_MLST__mlst(assembled)\n}\n
E02_cgmlst_lis_fastp_spades	E02_cgmlst_lis_fastp_spades	E02	cgMLST allelic profile for Listeria monocytogenes from paired Illumina FASTQ (fastp + SPAdes + chewbbaca).	Y	Y	none		9	9	Y				step_1PP_trimming__fastp, step_2AS_denovo__spades, step_4TY_cgMLST__chewbbaca	step_1PP_trimming__fastp, step_2AS_denovo__spades, step_4TY_cgMLST__chewbbaca	step_1PP_trimming__fastp, step_2AS_denovo__spades, step_4TY_cgMLST__chewbbaca	732	30	3	2	14.1	Approved. I will now draft the pipeline for generating a cgMLST allelic profile for Listeria monocytogenes using the specified steps.	nextflow.enable.dsl=2\n\n// --- IMPORTS ---\n\ninclude { step_4TY_cgMLST__chewbbaca } from '../steps/step_4TY_cgMLST__chewbbaca'\n\ninclude { step_2AS_denovo__spades } from '../steps/step_2AS_denovo__spades'\n\ninclude { getSingleInput } from '../functions/parameters.nf'\n\ninclude { step_1PP_trimming__fastp } from '../steps/step_1PP_trimming__fastp'\n\n// --- GLOBALS ---\n\ndef genus_species = 'listeria_monocytogenes'\n\ndef schema = 'l_mono_chewie_1748_220623'\n\n// --- INLINE PROCESSES ---\n\n// --- SUB WORKFLOWS ---\n\n// --- ENTRYPOINT ---\nworkflow {\n    trimmed = step_1PP_trimming__fastp(getSingleInput()).trimmed\n\n    assembled = step_2AS_denovo__spades(trimmed).assembled\n\n    step_4TY_cgMLST__chewbbaca(assembled, genus_species, schema)\n}	nextflow.enable.dsl=2\n\ninclude { getSingleInput; optionalOrDefault; param } from '../functions/parameters.nf'\ninclude { step_1PP_trimming__fastp } from '../steps/step_1PP_trimming__fastp'\ninclude { step_2AS_denovo__spades } from '../steps/step_2AS_denovo__spades'\ninclude { step_4TY_cgMLST__chewbbaca } from '../steps/step_4TY_cgMLST__chewbbaca'\nworkflow {\n    trimmed   = step_1PP_trimming__fastp(getSingleInput()).trimmed\n    assembled = step_2AS_denovo__spades(trimmed).assembled\n    step_4TY_cgMLST__chewbbaca(assembled, param('genus_species'), optionalOrDefault('schema', ''))\n}\n
E03_cgmlst_sal_fastp_spades	E03_cgmlst_sal_fastp_spades	E03	Generate cgMLST profiles for Salmonella enterica starting from paired-end Illumina FASTQ.	Y	Y	none		11	9	N	step_4AN_AMR__abricate, step_4AN_AMR__staramr, step_4AN_genes__prokka, step_4TY_MLST__mlst, step_4TY_flaA__flaA	step_1PP_trimming__fastp		step_2AS_denovo__spades, step_4AN_AMR__abricate, step_4AN_AMR__staramr, step_4AN_genes__prokka, step_4TY_MLST__mlst, step_4TY_cgMLST__chewbbaca, step_4TY_flaA__flaA	step_4AN_AMR__abricate, step_4AN_genes__prokka, step_4AN_AMR__staramr, step_4TY_MLST__mlst, step_4TY_flaA__flaA, step_4TY_cgMLST__chewbbaca, step_2AS_denovo__spades	step_1PP_trimming__fastp, step_2AS_denovo__spades, step_4TY_cgMLST__chewbbaca	1321	52	7	2	12.9	Understood! I will design a pipeline that includes a de novo assembly step using SPAdes followed by the typing module for cgMLST profiling of Salmonella enterica.	nextflow.enable.dsl=2\n\n// --- IMPORTS ---\n\ninclude { step_4TY_flaA__flaA } from '../steps/step_4TY_flaA__flaA'\n\ninclude { getSingleInput } from '../functions/parameters.nf'\n\ninclude { step_4AN_AMR__abricate } from '../steps/step_4AN_AMR__abricate'\n\ninclude { step_4AN_genes__prokka } from '../steps/step_4AN_genes__prokka'\n\ninclude { getEmpty } from '../functions/common.nf'\n\ninclude { step_2AS_denovo__spades } from '../steps/step_2AS_denovo__spades'\n\ninclude { step_4TY_cgMLST__chewbbaca } from '../steps/step_4TY_cgMLST__chewbbaca'\n\ninclude { step_4AN_AMR__staramr } from '../steps/step_4AN_AMR__staramr'\n\ninclude { step_4TY_MLST__mlst } from '../steps/step_4TY_MLST__mlst'\n\n// --- GLOBALS ---\n\n// --- INLINE PROCESSES ---\n\n// --- SUB WORKFLOWS ---\n\nworkflow module_typing_bacteria {\n    \n    take:\n        \n        assembly\n        \n    \n    main:\n        step_4AN_AMR__abricate(assembly)\n\n        step_4AN_genes__prokka(assembly.map{ [ it[0], it[1], 'Bacteria', '-', '-', getEmpty() ] })\n\n        step_4AN_AMR__staramr(assembly, '')\n        step_4TY_MLST__mlst(assembly)\n        step_4TY_flaA__flaA(assembly, '')\n        step_4TY_cgMLST__chewbbaca(assembly, '', '')\n    \n}\n\n// --- ENTRYPOINT ---\nworkflow {\n    spades_out = step_2AS_denovo__spades(getSingleInput())\n    module_typing_bacteria(spades_out.assembled)\n}	nextflow.enable.dsl=2\n\ninclude { getSingleInput; optionalOrDefault; param } from '../functions/parameters.nf'\ninclude { step_1PP_trimming__fastp } from '../steps/step_1PP_trimming__fastp'\ninclude { step_2AS_denovo__spades } from '../steps/step_2AS_denovo__spades'\ninclude { step_4TY_cgMLST__chewbbaca } from '../steps/step_4TY_cgMLST__chewbbaca'\nworkflow {\n    trimmed   = step_1PP_trimming__fastp(getSingleInput()).trimmed\n    assembled = step_2AS_denovo__spades(trimmed).assembled\n    step_4TY_cgMLST__chewbbaca(assembled, param('genus_species'), optionalOrDefault('schema', ''))\n}\n
E04_cgmlst_eco_fastp_shovill	E04_cgmlst_eco_fastp_shovill	E04	E. coli cgMLST typing from Illumina paired FASTQ using fastp + Shovill + chewbbaca.	Y	Y	none		9	9	Y				step_1PP_trimming__fastp, step_2AS_denovo__shovill, step_4TY_cgMLST__chewbbaca	step_1PP_trimming__fastp, step_2AS_denovo__shovill, step_4TY_cgMLST__chewbbaca	step_1PP_trimming__fastp, step_2AS_denovo__shovill, step_4TY_cgMLST__chewbbaca	724	28	3	2	13.6	Thank you for approving the pipeline. I will now draft the detailed plan for the Architect Agent.	nextflow.enable.dsl=2\n\n// --- IMPORTS ---\n\ninclude { step_2AS_denovo__shovill } from '../steps/step_2AS_denovo__shovill'\n\ninclude { step_4TY_cgMLST__chewbbaca } from '../steps/step_4TY_cgMLST__chewbbaca'\n\ninclude { getSingleInput } from '../functions/parameters.nf'\n\ninclude { step_1PP_trimming__fastp } from '../steps/step_1PP_trimming__fastp'\n\n// --- GLOBALS ---\n\ndef genus_species = 'escherichia_coli'\n\ndef schema = 'e_coli_chewie_2360_210531'\n\n// --- INLINE PROCESSES ---\n\n// --- SUB WORKFLOWS ---\n\n// --- ENTRYPOINT ---\nworkflow {\n    trimmed = step_1PP_trimming__fastp(getSingleInput()).trimmed\n    assembly = step_2AS_denovo__shovill(trimmed).assembly\n    step_4TY_cgMLST__chewbbaca(assembly, genus_species, schema)\n}	nextflow.enable.dsl=2\n\ninclude { getSingleInput; optionalOrDefault; param } from '../functions/parameters.nf'\ninclude { step_1PP_trimming__fastp } from '../steps/step_1PP_trimming__fastp'\ninclude { step_2AS_denovo__shovill } from '../steps/step_2AS_denovo__shovill'\ninclude { step_4TY_cgMLST__chewbbaca } from '../steps/step_4TY_cgMLST__chewbbaca'\nworkflow {\n    trimmed   = step_1PP_trimming__fastp(getSingleInput()).trimmed\n    assembled = step_2AS_denovo__shovill(trimmed).assembly\n    step_4TY_cgMLST__chewbbaca(assembled, param('genus_species'), optionalOrDefault('schema', ''))\n}\n
E05_flaa_cam	E05_flaa_cam	E05	flaA typing pipeline for Campylobacter from paired-end Illumina FASTQ.	Y	N	silent_no_op	No process placeholders appeared. when: clause filtered everything?	0	7	N	step_2AS_mapping__bowtie, step_3TX_species__kmerfinder	step_1PP_trimming__fastp, step_2AS_denovo__spades			step_3TX_species__kmerfinder, step_2AS_mapping__bowtie, step_4TY_flaA__flaA	step_1PP_trimming__fastp, step_2AS_denovo__spades, step_4TY_flaA__flaA	1249	52	3	2	36.6	⚠️ **Generation Warning**: I reached the maximum number of attempts trying to generate a perfectly valid pipeline. I have output the current draft as a **best effort**, but please note that the generated code **might have errors or missing components** based on the strict DSL2 rules.	// ⚠️ WARNING: Pipeline generation failed strict DSL2 validation.\n// The code above is potentially broken or incomplete and was output as a best-effort draft.\n\nnextflow.enable.dsl=2\n\n// --- IMPORTS ---\n\n// --- GLOBALS ---\n\n// --- INLINE PROCESSES ---\n\n// --- SUB WORKFLOWS ---\n\nworkflow module_typing_bacteria {\n    \n    take:\n        \n        trimmed\n        \n        assembly\n        \n    \n    main:\n        assigned_species = step_3TX_species__kmerfinder(assembly).assigned_species\n\n        if (!params.skip_bestref_mapping) {\n          trimmed.cross(assigned_species) { extractKey(it) }.multiMap {\n            trimmed: it[0]\n            species: it[1][1]\n            referencePath: it[1][2]\n          }.set { trimAndAndSpecies }\n          step_2AS_mapping__bowtie(trimAndAndSpecies.trimmed, trimAndAndSpecies.referencePath)\n        }\n\n        assembly.cross(assigned_species) { extractKey(it) }.multiMap {\n          assembly: it[0]\n          species: it[1][1]\n        }.set { assemblyAndSpecies }\n\n        step_4TY_flaA__flaA(assemblyAndSpecies.assembly, assemblyAndSpecies.species)\n    \n    emit:\n        \n        genus_species\n        \n    \n}\n\n// --- ENTRYPOINT ---\nworkflow {\n    module_typing_bacteria(getTrimmedReads(true), getAssembly())\n}	nextflow.enable.dsl=2\n\ninclude { getSingleInput; optionalOrDefault; param } from '../functions/parameters.nf'\ninclude { step_1PP_trimming__fastp } from '../steps/step_1PP_trimming__fastp'\ninclude { step_2AS_denovo__spades } from '../steps/step_2AS_denovo__spades'\ninclude { step_4TY_flaA__flaA } from '../steps/step_4TY_flaA__flaA'\nworkflow {\n    trimmed   = step_1PP_trimming__fastp(getSingleInput()).trimmed\n    assembled = step_2AS_denovo__spades(trimmed).assembled\n    step_4TY_flaA__flaA(assembled, param('genus_species'))\n}\n
E06_staramr_cam	E06_staramr_cam	E06	AMR analysis with staramr for Campylobacter from paired Illumina FASTQ (trim + assembly + staramr).	Y	Y	none		7	7	Y				step_1PP_trimming__fastp, step_2AS_denovo__spades, step_4AN_AMR__staramr	step_1PP_trimming__fastp, step_2AS_denovo__spades, step_4AN_AMR__staramr	step_1PP_trimming__fastp, step_2AS_denovo__spades, step_4AN_AMR__staramr	635	24	3	2	11.1	Thank you for approving the pipeline. I will now proceed with the design based on the steps we discussed.	nextflow.enable.dsl=2\n\n// --- IMPORTS ---\n\ninclude { step_2AS_denovo__spades } from '../steps/step_2AS_denovo__spades'\n\ninclude { getSingleInput; param } from '../functions/parameters.nf'\n\ninclude { step_4AN_AMR__staramr } from '../steps/step_4AN_AMR__staramr'\n\ninclude { step_1PP_trimming__fastp } from '../steps/step_1PP_trimming__fastp'\n\n// --- GLOBALS ---\n\n// --- INLINE PROCESSES ---\n\n// --- SUB WORKFLOWS ---\n\n// --- ENTRYPOINT ---\nworkflow {\n    trimmed = step_1PP_trimming__fastp(getSingleInput()).trimmed\n    assembled = step_2AS_denovo__spades(trimmed).assembled\n    step_4AN_AMR__staramr(assembled, param('genus_species'))\n}	nextflow.enable.dsl=2\n\ninclude { getSingleInput; optionalOrDefault; param } from '../functions/parameters.nf'\ninclude { step_1PP_trimming__fastp } from '../steps/step_1PP_trimming__fastp'\ninclude { step_2AS_denovo__spades } from '../steps/step_2AS_denovo__spades'\ninclude { step_4AN_AMR__staramr } from '../steps/step_4AN_AMR__staramr'\nworkflow {\n    trimmed   = step_1PP_trimming__fastp(getSingleInput()).trimmed\n    assembled = step_2AS_denovo__spades(trimmed).assembled\n    step_4AN_AMR__staramr(assembled, param('genus_species'))\n}\n
E07_abricate_eco	E07_abricate_eco	E07	Resistance gene detection with ABRicate on Escherichia coli from Illumina paired FASTQ.	Y	N	missing_param	ERROR ~ missing required param: step_3TX_species__kmerfinder__db	0	7	N		step_1PP_trimming__fastp, step_2AS_denovo__spades, step_4AN_AMR__abricate				step_1PP_trimming__fastp, step_2AS_denovo__spades, step_4AN_AMR__abricate	370	18	0	2	8.7	Approved. I will now draft the pipeline using the module_typing_bacteria template for resistance gene detection in Escherichia coli from Illumina paired FASTQ data.	nextflow.enable.dsl=2\n\n// --- IMPORTS ---\n\ninclude { module_typing_bacteria } from '../modules/module_typing_bacteria'\n\ninclude { getAssembly; getTrimmedReads } from '../functions/parameters.nf'\n\n// --- GLOBALS ---\n\n// --- INLINE PROCESSES ---\n\n// --- SUB WORKFLOWS ---\n\n// --- ENTRYPOINT ---\nworkflow {\n    module_typing_bacteria(getTrimmedReads(true), getAssembly())\n}	nextflow.enable.dsl=2\n\ninclude { getSingleInput; optionalOrDefault; param } from '../functions/parameters.nf'\ninclude { step_1PP_trimming__fastp } from '../steps/step_1PP_trimming__fastp'\ninclude { step_2AS_denovo__spades } from '../steps/step_2AS_denovo__spades'\ninclude { step_4AN_AMR__abricate } from '../steps/step_4AN_AMR__abricate'\nworkflow {\n    trimmed   = step_1PP_trimming__fastp(getSingleInput()).trimmed\n    assembled = step_2AS_denovo__spades(trimmed).assembled\n    step_4AN_AMR__abricate(assembled)\n}\n
E08_prokka_lis	E08_prokka_lis	E08	Annotate a Listeria monocytogenes genome with Prokka, starting from paired Illumina FASTQ (trim + assembly + Prokka).	Y	Y	none		7	7	Y				step_1PP_trimming__fastp, step_2AS_denovo__spades, step_4AN_genes__prokka	step_1PP_trimming__fastp, step_2AS_denovo__spades, step_4AN_genes__prokka	step_1PP_trimming__fastp, step_2AS_denovo__spades, step_4AN_genes__prokka	718	26	3	2	16.9	Approved! I will now generate the pipeline plan for trimming, assembly, and annotation of the Listeria monocytogenes genome using the specified tools.	nextflow.enable.dsl=2\n\n// --- IMPORTS ---\n\ninclude { step_2AS_denovo__spades } from '../steps/step_2AS_denovo__spades'\n\ninclude { getSingleInput } from '../functions/parameters.nf'\n\ninclude { step_4AN_genes__prokka } from '../steps/step_4AN_genes__prokka'\n\ninclude { getEmpty } from '../functions/common.nf'\n\ninclude { step_1PP_trimming__fastp } from '../steps/step_1PP_trimming__fastp'\n\n// --- GLOBALS ---\n\n// --- INLINE PROCESSES ---\n\n// --- SUB WORKFLOWS ---\n\n// --- ENTRYPOINT ---\nworkflow {\n    trimmed = step_1PP_trimming__fastp(getSingleInput()).trimmed\n    assembled = step_2AS_denovo__spades(trimmed).assembled\n    step_4AN_genes__prokka(assembled.map { [ it[0], it[1], 'Bacteria', '-', '-', getEmpty() ] })\n}	nextflow.enable.dsl=2\n\ninclude { getSingleInput; optionalOrDefault; param } from '../functions/parameters.nf'\ninclude { step_1PP_trimming__fastp } from '../steps/step_1PP_trimming__fastp'\ninclude { step_2AS_denovo__spades } from '../steps/step_2AS_denovo__spades'\ninclude { step_4AN_genes__prokka } from '../steps/step_4AN_genes__prokka'\nworkflow {\n    trimmed   = step_1PP_trimming__fastp(getSingleInput()).trimmed\n    assembled = step_2AS_denovo__spades(trimmed).assembled\n    step_4AN_genes__prokka(assembled)\n}\n
E09_mlst_eco_trimmomatic	E09_mlst_eco_trimmomatic	E09	MLST on E. coli paired Illumina reads: Trimmomatic + SPAdes + mlst.	Y	Y	none		7	7	Y				step_1PP_trimming__trimmomatic, step_2AS_denovo__spades, step_4TY_MLST__mlst	step_1PP_trimming__trimmomatic, step_2AS_denovo__spades, step_4TY_MLST__mlst	step_1PP_trimming__trimmomatic, step_2AS_denovo__spades, step_4TY_MLST__mlst	616	24	3	2	11.7	Thank you for approving the pipeline. I will now proceed with generating the detailed plan for the Architect Agent.	nextflow.enable.dsl=2\n\n// --- IMPORTS ---\n\ninclude { step_4TY_MLST__mlst } from '../steps/step_4TY_MLST__mlst'\n\ninclude { step_1PP_trimming__trimmomatic } from '../steps/step_1PP_trimming__trimmomatic'\n\ninclude { step_2AS_denovo__spades } from '../steps/step_2AS_denovo__spades'\n\ninclude { getSingleInput } from '../functions/parameters.nf'\n\n// --- GLOBALS ---\n\n// --- INLINE PROCESSES ---\n\n// --- SUB WORKFLOWS ---\n\n// --- ENTRYPOINT ---\nworkflow {\n    trimmed = step_1PP_trimming__trimmomatic(getSingleInput()).trimmed\n    assembled = step_2AS_denovo__spades(trimmed).assembled\n    step_4TY_MLST__mlst(assembled)\n}	nextflow.enable.dsl=2\n\ninclude { getSingleInput; optionalOrDefault; param } from '../functions/parameters.nf'\ninclude { step_1PP_trimming__trimmomatic } from '../steps/step_1PP_trimming__trimmomatic'\ninclude { step_2AS_denovo__spades } from '../steps/step_2AS_denovo__spades'\ninclude { step_4TY_MLST__mlst } from '../steps/step_4TY_MLST__mlst'\nworkflow {\n    trimmed   = step_1PP_trimming__trimmomatic(getSingleInput()).trimmed\n    assembled = step_2AS_denovo__spades(trimmed).assembled\n    step_4TY_MLST__mlst(assembled)\n}\n
E10_mlst_sal_shovill	E10_mlst_sal_shovill	E10	Salmonella enterica MLST: fastp + Shovill + mlst.	Y	Y	none		7	7	Y				step_1PP_trimming__fastp, step_2AS_denovo__shovill, step_4TY_MLST__mlst	step_1PP_trimming__fastp, step_2AS_denovo__shovill, step_4TY_MLST__mlst	step_1PP_trimming__fastp, step_2AS_denovo__shovill, step_4TY_MLST__mlst	598	24	3	2	15.0	Thank you for approving the pipeline. I will now proceed with the detailed plan for the Salmonella enterica MLST pipeline using fastp, Shovill, and mlst.	nextflow.enable.dsl=2\n\n// --- IMPORTS ---\n\ninclude { step_2AS_denovo__shovill } from '../steps/step_2AS_denovo__shovill'\n\ninclude { step_4TY_MLST__mlst } from '../steps/step_4TY_MLST__mlst'\n\ninclude { getSingleInput } from '../functions/parameters.nf'\n\ninclude { step_1PP_trimming__fastp } from '../steps/step_1PP_trimming__fastp'\n\n// --- GLOBALS ---\n\n// --- INLINE PROCESSES ---\n\n// --- SUB WORKFLOWS ---\n\n// --- ENTRYPOINT ---\nworkflow {\n    trimmed = step_1PP_trimming__fastp(getSingleInput()).trimmed\n    assembly = step_2AS_denovo__shovill(trimmed).assembly\n    step_4TY_MLST__mlst(assembly)\n}	nextflow.enable.dsl=2\n\ninclude { getSingleInput; optionalOrDefault; param } from '../functions/parameters.nf'\ninclude { step_1PP_trimming__fastp } from '../steps/step_1PP_trimming__fastp'\ninclude { step_2AS_denovo__shovill } from '../steps/step_2AS_denovo__shovill'\ninclude { step_4TY_MLST__mlst } from '../steps/step_4TY_MLST__mlst'\nworkflow {\n    trimmed   = step_1PP_trimming__fastp(getSingleInput()).trimmed\n    assembled = step_2AS_denovo__shovill(trimmed).assembly\n    step_4TY_MLST__mlst(assembled)\n}\n
E11_cgmlst_lis_shovill	E11_cgmlst_lis_shovill	E11	Listeria cgMLST starting from Illumina paired reads: trim, Shovill assembly, chewbbaca typing.	Y	Y	none		9	9	Y				step_1PP_trimming__fastp, step_2AS_denovo__shovill, step_4TY_cgMLST__chewbbaca	step_1PP_trimming__fastp, step_2AS_denovo__shovill, step_4TY_cgMLST__chewbbaca	step_1PP_trimming__fastp, step_2AS_denovo__shovill, step_4TY_cgMLST__chewbbaca	702	24	3	2	11.5	The pipeline for Listeria cgMLST starting from Illumina paired reads has been approved. I will now proceed with generating the pipeline using the specified steps: trimming with fastp, assembly with Shovill, and typing with chewBBACA.	nextflow.enable.dsl=2\n\n// --- IMPORTS ---\n\ninclude { step_2AS_denovo__shovill } from '../steps/step_2AS_denovo__shovill'\n\ninclude { getSingleInput; optionalOrDefault; param } from '../functions/parameters.nf'\n\ninclude { step_4TY_cgMLST__chewbbaca } from '../steps/step_4TY_cgMLST__chewbbaca'\n\ninclude { step_1PP_trimming__fastp } from '../steps/step_1PP_trimming__fastp'\n\n// --- GLOBALS ---\n\n// --- INLINE PROCESSES ---\n\n// --- SUB WORKFLOWS ---\n\n// --- ENTRYPOINT ---\nworkflow {\n    trimmed = step_1PP_trimming__fastp(getSingleInput()).trimmed\n    assembly = step_2AS_denovo__shovill(trimmed).assembly\n    step_4TY_cgMLST__chewbbaca(assembly, param('genus_species'), optionalOrDefault('schema', ''))\n}	nextflow.enable.dsl=2\n\ninclude { getSingleInput; optionalOrDefault; param } from '../functions/parameters.nf'\ninclude { step_1PP_trimming__fastp } from '../steps/step_1PP_trimming__fastp'\ninclude { step_2AS_denovo__shovill } from '../steps/step_2AS_denovo__shovill'\ninclude { step_4TY_cgMLST__chewbbaca } from '../steps/step_4TY_cgMLST__chewbbaca'\nworkflow {\n    trimmed   = step_1PP_trimming__fastp(getSingleInput()).trimmed\n    assembled = step_2AS_denovo__shovill(trimmed).assembly\n    step_4TY_cgMLST__chewbbaca(assembled, param('genus_species'), optionalOrDefault('schema', ''))\n}\n
E12_mlst_cam	E12_mlst_cam	E12	MLST analysis for Campylobacter from paired Illumina FASTQ (fastp + SPAdes + mlst).	Y	Y	none		7	7	Y				step_1PP_trimming__fastp, step_2AS_denovo__spades, step_4TY_MLST__mlst	step_1PP_trimming__fastp, step_2AS_denovo__spades, step_4TY_MLST__mlst	step_1PP_trimming__fastp, step_2AS_denovo__spades, step_4TY_MLST__mlst	598	24	3	2	11.7	Perfect! I will proceed with the pipeline for MLST analysis of Campylobacter from paired Illumina FASTQ files using the following steps: 1) Trimming with fastp, 2) Assembly with SPAdes, and 3) MLST analysis with mlst.	nextflow.enable.dsl=2\n\n// --- IMPORTS ---\n\ninclude { step_4TY_MLST__mlst } from '../steps/step_4TY_MLST__mlst'\n\ninclude { step_2AS_denovo__spades } from '../steps/step_2AS_denovo__spades'\n\ninclude { getSingleInput } from '../functions/parameters.nf'\n\ninclude { step_1PP_trimming__fastp } from '../steps/step_1PP_trimming__fastp'\n\n// --- GLOBALS ---\n\n// --- INLINE PROCESSES ---\n\n// --- SUB WORKFLOWS ---\n\n// --- ENTRYPOINT ---\nworkflow {\n    trimmed = step_1PP_trimming__fastp(getSingleInput()).trimmed\n    assembled = step_2AS_denovo__spades(trimmed).assembled\n    step_4TY_MLST__mlst(assembled)\n}	nextflow.enable.dsl=2\n\ninclude { getSingleInput; optionalOrDefault; param } from '../functions/parameters.nf'\ninclude { step_1PP_trimming__fastp } from '../steps/step_1PP_trimming__fastp'\ninclude { step_2AS_denovo__spades } from '../steps/step_2AS_denovo__spades'\ninclude { step_4TY_MLST__mlst } from '../steps/step_4TY_MLST__mlst'\nworkflow {\n    trimmed   = step_1PP_trimming__fastp(getSingleInput()).trimmed\n    assembled = step_2AS_denovo__spades(trimmed).assembled\n    step_4TY_MLST__mlst(assembled)\n}\n
E13_abricate_sal	E13_abricate_sal	E13	Antimicrobial resistance gene screening with ABRicate for Salmonella enterica from paired Illumina FASTQ.	Y	Y	none		7	7	Y				step_1PP_trimming__fastp, step_2AS_denovo__spades, step_4AN_AMR__abricate	step_1PP_trimming__fastp, step_2AS_denovo__spades, step_4AN_AMR__abricate	step_1PP_trimming__fastp, step_2AS_denovo__spades, step_4AN_AMR__abricate	607	24	3	2	10.3	Approved. I will now draft the pipeline for antimicrobial resistance gene screening in Salmonella enterica using paired Illumina FASTQ files. The pipeline will include preprocessing, de novo assembly, and ABRicate for AMR screening.	nextflow.enable.dsl=2\n\n// --- IMPORTS ---\n\ninclude { step_4AN_AMR__abricate } from '../steps/step_4AN_AMR__abricate'\n\ninclude { step_2AS_denovo__spades } from '../steps/step_2AS_denovo__spades'\n\ninclude { getSingleInput } from '../functions/parameters.nf'\n\ninclude { step_1PP_trimming__fastp } from '../steps/step_1PP_trimming__fastp'\n\n// --- GLOBALS ---\n\n// --- INLINE PROCESSES ---\n\n// --- SUB WORKFLOWS ---\n\n// --- ENTRYPOINT ---\nworkflow {\n    trimmed = step_1PP_trimming__fastp(getSingleInput()).trimmed\n    assembled = step_2AS_denovo__spades(trimmed).assembled\n    step_4AN_AMR__abricate(assembled)\n}	nextflow.enable.dsl=2\n\ninclude { getSingleInput; optionalOrDefault; param } from '../functions/parameters.nf'\ninclude { step_1PP_trimming__fastp } from '../steps/step_1PP_trimming__fastp'\ninclude { step_2AS_denovo__spades } from '../steps/step_2AS_denovo__spades'\ninclude { step_4AN_AMR__abricate } from '../steps/step_4AN_AMR__abricate'\nworkflow {\n    trimmed   = step_1PP_trimming__fastp(getSingleInput()).trimmed\n    assembled = step_2AS_denovo__spades(trimmed).assembled\n    step_4AN_AMR__abricate(assembled)\n}\n
E14_prokka_eco	E14_prokka_eco	E14	Annotate an E. coli assembly with Prokka, starting from paired Illumina reads.	Y	Y	none		7	7	Y				step_1PP_trimming__fastp, step_2AS_denovo__spades, step_4AN_genes__prokka	step_1PP_trimming__fastp, step_2AS_denovo__spades, step_4AN_genes__prokka	step_1PP_trimming__fastp, step_2AS_denovo__spades, step_4AN_genes__prokka	718	26	3	2	12.7	Thank you for approving the plan. I will now proceed with the pipeline design based on the steps we discussed.	nextflow.enable.dsl=2\n\n// --- IMPORTS ---\n\ninclude { step_2AS_denovo__spades } from '../steps/step_2AS_denovo__spades'\n\ninclude { getSingleInput } from '../functions/parameters.nf'\n\ninclude { step_4AN_genes__prokka } from '../steps/step_4AN_genes__prokka'\n\ninclude { getEmpty } from '../functions/common.nf'\n\ninclude { step_1PP_trimming__fastp } from '../steps/step_1PP_trimming__fastp'\n\n// --- GLOBALS ---\n\n// --- INLINE PROCESSES ---\n\n// --- SUB WORKFLOWS ---\n\n// --- ENTRYPOINT ---\nworkflow {\n    trimmed = step_1PP_trimming__fastp(getSingleInput()).trimmed\n    assembled = step_2AS_denovo__spades(trimmed).assembled\n    step_4AN_genes__prokka(assembled.map { [ it[0], it[1], 'Bacteria', '-', '-', getEmpty() ] })\n}	nextflow.enable.dsl=2\n\ninclude { getSingleInput; optionalOrDefault; param } from '../functions/parameters.nf'\ninclude { step_1PP_trimming__fastp } from '../steps/step_1PP_trimming__fastp'\ninclude { step_2AS_denovo__spades } from '../steps/step_2AS_denovo__spades'\ninclude { step_4AN_genes__prokka } from '../steps/step_4AN_genes__prokka'\nworkflow {\n    trimmed   = step_1PP_trimming__fastp(getSingleInput()).trimmed\n    assembled = step_2AS_denovo__spades(trimmed).assembled\n    step_4AN_genes__prokka(assembled)\n}\n
E15_cgmlst_lis_trimmomatic	E15_cgmlst_lis_trimmomatic	E15	Listeria monocytogenes cgMLST allelic profiles: Trimmomatic + SPAdes + chewbbaca.	Y	Y	none		9	9	Y				step_1PP_trimming__trimmomatic, step_2AS_denovo__spades, step_4TY_cgMLST__chewbbaca	step_1PP_trimming__trimmomatic, step_2AS_denovo__spades, step_4TY_cgMLST__chewbbaca	step_1PP_trimming__trimmomatic, step_2AS_denovo__spades, step_4TY_cgMLST__chewbbaca	746	28	3	2	11.6	Thank you for approving the pipeline. I will now proceed with the detailed plan for your Listeria monocytogenes cgMLST allelic profiles pipeline using Trimmomatic, SPAdes, and chewbbaca.	nextflow.enable.dsl=2\n\n// --- IMPORTS ---\n\ninclude { step_1PP_trimming__trimmomatic } from '../steps/step_1PP_trimming__trimmomatic'\n\ninclude { step_2AS_denovo__spades } from '../steps/step_2AS_denovo__spades'\n\ninclude { getSingleInput } from '../functions/parameters.nf'\n\ninclude { step_4TY_cgMLST__chewbbaca } from '../steps/step_4TY_cgMLST__chewbbaca'\n\n// --- GLOBALS ---\n\ndef genusSpecies = 'listeria_monocytogenes'\n\ndef schema = 'l_mono_chewie_1748_220623'\n\n// --- INLINE PROCESSES ---\n\n// --- SUB WORKFLOWS ---\n\n// --- ENTRYPOINT ---\nworkflow {\n    trimmed = step_1PP_trimming__trimmomatic(getSingleInput()).trimmed\n    assembled = step_2AS_denovo__spades(trimmed).assembled\n    step_4TY_cgMLST__chewbbaca(assembled, genusSpecies, schema)\n}	nextflow.enable.dsl=2\n\ninclude { getSingleInput; optionalOrDefault; param } from '../functions/parameters.nf'\ninclude { step_1PP_trimming__trimmomatic } from '../steps/step_1PP_trimming__trimmomatic'\ninclude { step_2AS_denovo__spades } from '../steps/step_2AS_denovo__spades'\ninclude { step_4TY_cgMLST__chewbbaca } from '../steps/step_4TY_cgMLST__chewbbaca'\nworkflow {\n    trimmed   = step_1PP_trimming__trimmomatic(getSingleInput()).trimmed\n    assembled = step_2AS_denovo__spades(trimmed).assembled\n    step_4TY_cgMLST__chewbbaca(assembled, param('genus_species'), optionalOrDefault('schema', ''))\n}\n
F01_abricate_assembly	F01_abricate_assembly	F01	Run ABRicate to detect resistance genes on a pre-existing bacterial assembly.	Y	Y	none		1	1	Y				step_4AN_AMR__abricate	step_4AN_AMR__abricate	step_4AN_AMR__abricate	328	18	1	2	8.5	Approved. I will now prepare the pipeline to run ABRicate for detecting resistance genes on your pre-existing bacterial assembly.	nextflow.enable.dsl=2\n\n// --- IMPORTS ---\n\ninclude { getAssembly } from '../functions/parameters.nf'\n\ninclude { step_4AN_AMR__abricate } from '../steps/step_4AN_AMR__abricate'\n\n// --- GLOBALS ---\n\n// --- INLINE PROCESSES ---\n\n// --- SUB WORKFLOWS ---\n\n// --- ENTRYPOINT ---\nworkflow {\n    step_4AN_AMR__abricate(getAssembly())\n}	nextflow.enable.dsl=2\n\ninclude { getInput; optionalOrDefault; param } from '../functions/parameters.nf'\ninclude { step_4AN_AMR__abricate } from '../steps/step_4AN_AMR__abricate'\nworkflow {\n    step_4AN_AMR__abricate(getInput())\n}\n
F02_prokka_assembly	F02_prokka_assembly	F02	Annotate a bacterial genome assembly with Prokka.	Y	Y	none		1	1	Y				step_4AN_genes__prokka	step_4AN_genes__prokka	step_4AN_genes__prokka	439	20	1	2	8.9	I will design a pipeline to annotate your bacterial genome assembly using Prokka. Since you have confirmed the details, I will proceed with the plan.	nextflow.enable.dsl=2\n\n// --- IMPORTS ---\n\ninclude { getAssembly } from '../functions/parameters.nf'\n\ninclude { getEmpty } from '../functions/common.nf'\n\ninclude { step_4AN_genes__prokka } from '../steps/step_4AN_genes__prokka'\n\n// --- GLOBALS ---\n\n// --- INLINE PROCESSES ---\n\n// --- SUB WORKFLOWS ---\n\n// --- ENTRYPOINT ---\nworkflow {\n    step_4AN_genes__prokka(getAssembly().map { [ it[0], it[1], 'Bacteria', '-', '-', getEmpty() ] })\n}	nextflow.enable.dsl=2\n\ninclude { getInput; optionalOrDefault; param } from '../functions/parameters.nf'\ninclude { step_4AN_genes__prokka } from '../steps/step_4AN_genes__prokka'\nworkflow {\n    step_4AN_genes__prokka(getInput())\n}\n
F03_mash_lis	F03_mash_lis	F03	Sketch-based species ID with Mash on a Listeria isolate (paired Illumina).	Y	Y	ngsmanager_naming	ERROR ~ unexpected file name: DS99999-DT260224_2026.LIS.A.1.1_R1.fastq.gz	1	1	Y				step_3TX_species__mash	step_3TX_species__mash	step_3TX_species__mash	334	18	1	2	8.5	Understood. I will proceed with the `step_3TX_species__mash` component for sketch-based species identification on your Listeria isolate using paired Illumina reads.	nextflow.enable.dsl=2\n\n// --- IMPORTS ---\n\ninclude { getSingleInput } from '../functions/parameters.nf'\n\ninclude { step_3TX_species__mash } from '../steps/step_3TX_species__mash'\n\n// --- GLOBALS ---\n\n// --- INLINE PROCESSES ---\n\n// --- SUB WORKFLOWS ---\n\n// --- ENTRYPOINT ---\nworkflow {\n    step_3TX_species__mash(getSingleInput())\n}	nextflow.enable.dsl=2\n\ninclude { getSingleInput; optionalOrDefault; param } from '../functions/parameters.nf'\ninclude { step_3TX_species__mash } from '../steps/step_3TX_species__mash'\nworkflow {\n    step_3TX_species__mash(getSingleInput())\n}\n
F04_kraken2_unknown	F04_kraken2_unknown	F04	Classify an unknown bacterial isolate (paired Illumina FASTQ) using Kraken2.	Y	Y	none		2	2	Y				step_3TX_class__kraken2	step_3TX_class__kraken2	step_3TX_class__kraken2	337	18	1	2	13.7	Approved. I will now draft the pipeline using the Kraken2 component for taxonomy classification.	nextflow.enable.dsl=2\n\n// --- IMPORTS ---\n\ninclude { getSingleInput } from '../functions/parameters.nf'\n\ninclude { step_3TX_class__kraken2 } from '../steps/step_3TX_class__kraken2'\n\n// --- GLOBALS ---\n\n// --- INLINE PROCESSES ---\n\n// --- SUB WORKFLOWS ---\n\n// --- ENTRYPOINT ---\nworkflow {\n    step_3TX_class__kraken2(getSingleInput())\n}	nextflow.enable.dsl=2\n\ninclude { getSingleInput; optionalOrDefault; param } from '../functions/parameters.nf'\ninclude { step_3TX_class__kraken2 } from '../steps/step_3TX_class__kraken2'\nworkflow {\n    step_3TX_class__kraken2(getSingleInput())\n}\n
G01_chopper_flye_lis	G01_chopper_flye_lis	G01	Long-read Nanopore pipeline for Listeria: chopper trimming followed by Flye assembly.	Y	Y	ngsmanager_naming	ERROR ~ unexpected file name: DS99999-DT260224_2026.LIS.B.1.1_R1.fastq.gz	4	4	Y				step_1PP_trimming__chopper, step_2AS_denovo__flye	step_1PP_trimming__chopper, step_2AS_denovo__flye	step_1PP_trimming__chopper, step_2AS_denovo__flye	492	21	2	2	10.8	Thank you for approving the pipeline. I will now proceed with designing the workflow using the specified tools for your Listeria long-read Nanopore pipeline.	nextflow.enable.dsl=2\n\n// --- IMPORTS ---\n\ninclude { step_2AS_denovo__flye } from '../steps/step_2AS_denovo__flye'\n\ninclude { getSingleInput } from '../functions/parameters.nf'\n\ninclude { step_1PP_trimming__chopper } from '../steps/step_1PP_trimming__chopper'\n\n// --- GLOBALS ---\n\n// --- INLINE PROCESSES ---\n\n// --- SUB WORKFLOWS ---\n\n// --- ENTRYPOINT ---\nworkflow {\n    trimmed = step_1PP_trimming__chopper(getSingleInput()).trimmed\n    assembly = step_2AS_denovo__flye(trimmed).assembly\n}	nextflow.enable.dsl=2\n\ninclude { getSingleInput; optionalOrDefault; param } from '../functions/parameters.nf'\ninclude { step_1PP_trimming__chopper } from '../steps/step_1PP_trimming__chopper'\ninclude { step_2AS_denovo__flye } from '../steps/step_2AS_denovo__flye'\nworkflow {\n    trimmed   = step_1PP_trimming__chopper(getSingleInput()).trimmed\n    assembled = step_2AS_denovo__flye(trimmed).assembly\n}\n
G02_chopper_flye_eco	G02_chopper_flye_eco	G02	Nanopore Escherichia coli pipeline: chopper + flye.	Y	Y	ngsmanager_naming	ERROR ~ unexpected file name: DS99999-DT260224_2026.ECO.B.1.1_R1.fastq.gz	5	4	N	step_2AS_denovo__spades	step_2AS_denovo__flye		step_1PP_trimming__chopper, step_2AS_denovo__spades	step_1PP_trimming__chopper, step_2AS_denovo__spades	step_1PP_trimming__chopper, step_2AS_denovo__flye	478	21	2	2	10.4	I will design a pipeline using Chopper for read trimming and SPAdes for de novo assembly, as Flye is not available in the current toolset. This pipeline will preprocess your Nanopore reads and assemble them into contigs.	nextflow.enable.dsl=2\n\n// --- IMPORTS ---\n\ninclude { step_2AS_denovo__spades } from '../steps/step_2AS_denovo__spades'\n\ninclude { getSingleInput } from '../functions/parameters.nf'\n\ninclude { step_1PP_trimming__chopper } from '../steps/step_1PP_trimming__chopper'\n\n// --- GLOBALS ---\n\n// --- INLINE PROCESSES ---\n\n// --- SUB WORKFLOWS ---\n\n// --- ENTRYPOINT ---\nworkflow {\n    trimmed = step_1PP_trimming__chopper(getSingleInput()).trimmed\n    step_2AS_denovo__spades(trimmed)\n}	nextflow.enable.dsl=2\n\ninclude { getSingleInput; optionalOrDefault; param } from '../functions/parameters.nf'\ninclude { step_1PP_trimming__chopper } from '../steps/step_1PP_trimming__chopper'\ninclude { step_2AS_denovo__flye } from '../steps/step_2AS_denovo__flye'\nworkflow {\n    trimmed   = step_1PP_trimming__chopper(getSingleInput()).trimmed\n    assembled = step_2AS_denovo__flye(trimmed).assembly\n}\n
H01_mlst_plus_cgmlst_lis	H01_mlst_plus_cgmlst_lis	H01	Run both MLST and cgMLST typing on Listeria monocytogenes from paired Illumina FASTQ.	Y	Y	ngsmanager_naming	ERROR ~ unexpected file name: DS99999-DT260224_2026.LIS.C.1.1_R1.fastq.gz	10	10	N	step_4AN_AMR__abricate, step_4AN_AMR__staramr, step_4AN_genes__prokka	step_1PP_trimming__fastp		step_2AS_denovo__spades, step_4AN_AMR__abricate, step_4AN_AMR__staramr, step_4AN_genes__prokka, step_4TY_MLST__mlst, step_4TY_cgMLST__chewbbaca	step_4AN_AMR__abricate, step_4AN_genes__prokka, step_4AN_AMR__staramr, step_4TY_MLST__mlst, step_4TY_cgMLST__chewbbaca, step_2AS_denovo__spades	step_1PP_trimming__fastp, step_2AS_denovo__spades, step_4TY_MLST__mlst, step_4TY_cgMLST__chewbbaca	1229	52	6	2	16.7	Perfect! I will proceed with the following plan:\n1. Perform de novo assembly using SPAdes (`step_2AS_denovo__spades`) to generate the assembly from your paired Illumina FASTQ reads.\n2. Use the `module_typing_bacteria` template, which includes MLST (`step_4TY_MLST__mlst`) and cgMLST (`step_4TY_cgMLST	nextflow.enable.dsl=2\n\n// --- IMPORTS ---\n\ninclude { getSingleInput } from '../functions/parameters.nf'\n\ninclude { step_4AN_AMR__abricate } from '../steps/step_4AN_AMR__abricate'\n\ninclude { step_4AN_genes__prokka } from '../steps/step_4AN_genes__prokka'\n\ninclude { getEmpty } from '../functions/common.nf'\n\ninclude { step_2AS_denovo__spades } from '../steps/step_2AS_denovo__spades'\n\ninclude { step_4TY_cgMLST__chewbbaca } from '../steps/step_4TY_cgMLST__chewbbaca'\n\ninclude { step_4AN_AMR__staramr } from '../steps/step_4AN_AMR__staramr'\n\ninclude { step_4TY_MLST__mlst } from '../steps/step_4TY_MLST__mlst'\n\n// --- GLOBALS ---\n\n// --- INLINE PROCESSES ---\n\n// --- SUB WORKFLOWS ---\n\nworkflow module_typing_bacteria {\n    \n    take:\n        \n        assembly\n        \n    \n    main:\n        step_4AN_AMR__abricate(assembly)\n\n        step_4AN_genes__prokka(assembly.map{ [ it[0], it[1], 'Bacteria', '-', '-', getEmpty() ] })\n\n        step_4AN_AMR__staramr(assembly, 'bacteria')\n\n        step_4TY_MLST__mlst(assembly)\n\n        step_4TY_cgMLST__chewbbaca(assembly, 'bacteria', '')\n    \n}\n\n// --- ENTRYPOINT ---\nworkflow {\n    spades_out = step_2AS_denovo__spades(getSingleInput())\n\n    module_typing_bacteria(spades_out.assembled)\n}	nextflow.enable.dsl=2\n\ninclude { getSingleInput; optionalOrDefault; param } from '../functions/parameters.nf'\ninclude { step_1PP_trimming__fastp } from '../steps/step_1PP_trimming__fastp'\ninclude { step_2AS_denovo__spades } from '../steps/step_2AS_denovo__spades'\ninclude { step_4TY_MLST__mlst } from '../steps/step_4TY_MLST__mlst'\ninclude { step_4TY_cgMLST__chewbbaca } from '../steps/step_4TY_cgMLST__chewbbaca'\nworkflow {\n    trimmed   = step_1PP_trimming__fastp(getSingleInput()).trimmed\n    assembled = step_2AS_denovo__spades(trimmed).assembled\n    step_4TY_MLST__mlst(assembled)\n    step_4TY_cgMLST__chewbbaca(assembled, param('genus_species'), optionalOrDefault('schema', ''))\n}\n
H02_mlst_plus_flaa_cam	H02_mlst_plus_flaa_cam	H02	Comprehensive Campylobacter typing from paired Illumina FASTQ: MLST + flaA.	Y	N	missing_param	ERROR ~ missing required param: step_3TX_species__kmerfinder__db	0	8	N		step_1PP_trimming__fastp, step_2AS_denovo__spades, step_4TY_MLST__mlst, step_4TY_flaA__flaA				step_1PP_trimming__fastp, step_2AS_denovo__spades, step_4TY_MLST__mlst, step_4TY_flaA__flaA	370	18	0	2	11.2	Perfect! I will proceed with the comprehensive Campylobacter typing pipeline using the `module_typing_bacteria` template. This will include MLST, flaA typing, Prokka for gene annotation, and AMR detection tools like Abricate and Staramr.	nextflow.enable.dsl=2\n\n// --- IMPORTS ---\n\ninclude { module_typing_bacteria } from '../modules/module_typing_bacteria'\n\ninclude { getAssembly; getTrimmedReads } from '../functions/parameters.nf'\n\n// --- GLOBALS ---\n\n// --- INLINE PROCESSES ---\n\n// --- SUB WORKFLOWS ---\n\n// --- ENTRYPOINT ---\nworkflow {\n    module_typing_bacteria(getTrimmedReads(true), getAssembly())\n}	nextflow.enable.dsl=2\n\ninclude { getSingleInput; optionalOrDefault; param } from '../functions/parameters.nf'\ninclude { step_1PP_trimming__fastp } from '../steps/step_1PP_trimming__fastp'\ninclude { step_2AS_denovo__spades } from '../steps/step_2AS_denovo__spades'\ninclude { step_4TY_MLST__mlst } from '../steps/step_4TY_MLST__mlst'\ninclude { step_4TY_flaA__flaA } from '../steps/step_4TY_flaA__flaA'\nworkflow {\n    trimmed   = step_1PP_trimming__fastp(getSingleInput()).trimmed\n    assembled = step_2AS_denovo__spades(trimmed).assembled\n    step_4TY_MLST__mlst(assembled)\n    step_4TY_flaA__flaA(assembled, param('genus_species'))\n}\n
H03_prokka_plus_abricate_eco	H03_prokka_plus_abricate_eco	H03	E. coli pipeline from Illumina paired FASTQ: trim, assemble, annotate with Prokka and screen AMR with ABRicate.	Y	Y	ngsmanager_naming	ERROR ~ unexpected file name: DS99999-DT260224_2026.ECO.C.1.1_R1.fastq.gz	8	8	Y				step_1PP_trimming__fastp, step_2AS_denovo__spades, step_4AN_AMR__abricate, step_4AN_genes__prokka	step_1PP_trimming__fastp, step_2AS_denovo__spades, step_4AN_genes__prokka, step_4AN_AMR__abricate	step_1PP_trimming__fastp, step_2AS_denovo__spades, step_4AN_AMR__abricate, step_4AN_genes__prokka	831	29	4	2	16.2	Thank you for approving the pipeline. I will now draft the detailed plan for the Architect Agent based on the steps we discussed.	nextflow.enable.dsl=2\n\n// --- IMPORTS ---\n\ninclude { step_2AS_denovo__spades } from '../steps/step_2AS_denovo__spades'\n\ninclude { getSingleInput } from '../functions/parameters.nf'\n\ninclude { step_4AN_AMR__abricate } from '../steps/step_4AN_AMR__abricate'\n\ninclude { step_4AN_genes__prokka } from '../steps/step_4AN_genes__prokka'\n\ninclude { getEmpty } from '../functions/common.nf'\n\ninclude { step_1PP_trimming__fastp } from '../steps/step_1PP_trimming__fastp'\n\n// --- GLOBALS ---\n\n// --- INLINE PROCESSES ---\n\n// --- SUB WORKFLOWS ---\n\n// --- ENTRYPOINT ---\nworkflow {\n    trimmed = step_1PP_trimming__fastp(getSingleInput()).trimmed\n    assembled = step_2AS_denovo__spades(trimmed).assembled\n    step_4AN_genes__prokka(assembled.map { [ it[0], it[1], 'Bacteria', '-', '-', getEmpty() ] })\n    step_4AN_AMR__abricate(assembled)\n}	nextflow.enable.dsl=2\n\ninclude { getSingleInput; optionalOrDefault; param } from '../functions/parameters.nf'\ninclude { step_1PP_trimming__fastp } from '../steps/step_1PP_trimming__fastp'\ninclude { step_2AS_denovo__spades } from '../steps/step_2AS_denovo__spades'\ninclude { step_4AN_genes__prokka } from '../steps/step_4AN_genes__prokka'\ninclude { step_4AN_AMR__abricate } from '../steps/step_4AN_AMR__abricate'\nworkflow {\n    trimmed   = step_1PP_trimming__fastp(getSingleInput()).trimmed\n    assembled = step_2AS_denovo__spades(trimmed).assembled\n    step_4AN_genes__prokka(assembled)\n    step_4AN_AMR__abricate(assembled)\n}\n
H04_mlst_plus_abricate_sal	H04_mlst_plus_abricate_sal	H04	Salmonella enterica: MLST typing and AMR screening with ABRicate from paired Illumina FASTQ.	Y	Y	ngsmanager_naming	ERROR ~ unexpected file name: DS99999-DT260224_2026.SAL.C.1.1_R1.fastq.gz	8	8	Y				step_1PP_trimming__fastp, step_2AS_denovo__spades, step_4AN_AMR__abricate, step_4TY_MLST__mlst	step_1PP_trimming__fastp, step_2AS_denovo__spades, step_4TY_MLST__mlst, step_4AN_AMR__abricate	step_1PP_trimming__fastp, step_2AS_denovo__spades, step_4AN_AMR__abricate, step_4TY_MLST__mlst	711	27	4	2	13.1	Perfect! I will proceed with the pipeline for Salmonella enterica MLST typing and AMR screening using ABRicate. The pipeline will include preprocessing, de novo assembly, MLST typing, and AMR screening.	nextflow.enable.dsl=2\n\n// --- IMPORTS ---\n\ninclude { step_2AS_denovo__spades } from '../steps/step_2AS_denovo__spades'\n\ninclude { step_4AN_AMR__abricate } from '../steps/step_4AN_AMR__abricate'\n\ninclude { getSingleInput } from '../functions/parameters.nf'\n\ninclude { step_4TY_MLST__mlst } from '../steps/step_4TY_MLST__mlst'\n\ninclude { step_1PP_trimming__fastp } from '../steps/step_1PP_trimming__fastp'\n\n// --- GLOBALS ---\n\n// --- INLINE PROCESSES ---\n\n// --- SUB WORKFLOWS ---\n\n// --- ENTRYPOINT ---\nworkflow {\n    trimmed = step_1PP_trimming__fastp(getSingleInput()).trimmed\n    assembled = step_2AS_denovo__spades(trimmed).assembled\n    step_4TY_MLST__mlst(assembled)\n    step_4AN_AMR__abricate(assembled)\n}	nextflow.enable.dsl=2\n\ninclude { getSingleInput; optionalOrDefault; param } from '../functions/parameters.nf'\ninclude { step_1PP_trimming__fastp } from '../steps/step_1PP_trimming__fastp'\ninclude { step_2AS_denovo__spades } from '../steps/step_2AS_denovo__spades'\ninclude { step_4TY_MLST__mlst } from '../steps/step_4TY_MLST__mlst'\ninclude { step_4AN_AMR__abricate } from '../steps/step_4AN_AMR__abricate'\nworkflow {\n    trimmed   = step_1PP_trimming__fastp(getSingleInput()).trimmed\n    assembled = step_2AS_denovo__spades(trimmed).assembled\n    step_4TY_MLST__mlst(assembled)\n    step_4AN_AMR__abricate(assembled)\n}\n
I01_kmerfinder_fastp_spades	I01_kmerfinder_fastp_spades	I01	Identify the species with KmerFinder, in parallel trim with fastp and assemble with SPAdes (Illumina paired).	Y	Y	none		7	7	Y				step_1PP_trimming__fastp, step_2AS_denovo__spades, step_3TX_species__kmerfinder	step_3TX_species__kmerfinder, step_1PP_trimming__fastp, step_2AS_denovo__spades	step_1PP_trimming__fastp, step_2AS_denovo__spades, step_3TX_species__kmerfinder	668	28	3	2	12.0	Approved! I will now draft the pipeline using the specified components for species identification, trimming, and assembly.	nextflow.enable.dsl=2\n\n// --- IMPORTS ---\n\ninclude { step_2AS_denovo__spades } from '../steps/step_2AS_denovo__spades'\n\ninclude { getSingleInput } from '../functions/parameters.nf'\n\ninclude { step_3TX_species__kmerfinder } from '../steps/step_3TX_species__kmerfinder'\n\ninclude { step_1PP_trimming__fastp } from '../steps/step_1PP_trimming__fastp'\n\n// --- GLOBALS ---\n\n// --- INLINE PROCESSES ---\n\n// --- SUB WORKFLOWS ---\n\n// --- ENTRYPOINT ---\nworkflow {\n    kmerfinder_out = step_3TX_species__kmerfinder(getSingleInput())\n\n    trimmed = step_1PP_trimming__fastp(getSingleInput()).trimmed\n\n    spades_out = step_2AS_denovo__spades(trimmed)\n\n    spades_out.assembled\n}	nextflow.enable.dsl=2\n\ninclude { getSingleInput; optionalOrDefault; param } from '../functions/parameters.nf'\ninclude { step_3TX_species__kmerfinder } from '../steps/step_3TX_species__kmerfinder'\ninclude { step_1PP_trimming__fastp } from '../steps/step_1PP_trimming__fastp'\ninclude { step_2AS_denovo__spades } from '../steps/step_2AS_denovo__spades'\nworkflow {\n    raw = getSingleInput()\n    step_3TX_species__kmerfinder(raw)\n    trimmed   = step_1PP_trimming__fastp(raw).trimmed\n    assembled = step_2AS_denovo__spades(trimmed).assembled\n}\n
I02_mash_fastp_shovill	I02_mash_fastp_shovill	I02	Species sketch with Mash plus assembly via fastp + Shovill from paired Illumina reads.	Y	Y	none		7	7	Y				step_1PP_trimming__fastp, step_2AS_denovo__shovill, step_3TX_species__mash	step_1PP_trimming__fastp, step_3TX_species__mash, step_2AS_denovo__shovill	step_1PP_trimming__fastp, step_2AS_denovo__shovill, step_3TX_species__mash	589	24	3	2	11.8	Perfect! I will proceed with the pipeline as discussed. The steps will include preprocessing with fastp, species sketching with Mash, and assembly with Shovill.	nextflow.enable.dsl=2\n\n// --- IMPORTS ---\n\ninclude { step_2AS_denovo__shovill } from '../steps/step_2AS_denovo__shovill'\n\ninclude { step_3TX_species__mash } from '../steps/step_3TX_species__mash'\n\ninclude { getSingleInput } from '../functions/parameters.nf'\n\ninclude { step_1PP_trimming__fastp } from '../steps/step_1PP_trimming__fastp'\n\n// --- GLOBALS ---\n\n// --- INLINE PROCESSES ---\n\n// --- SUB WORKFLOWS ---\n\n// --- ENTRYPOINT ---\nworkflow {\n    trimmed = step_1PP_trimming__fastp(getSingleInput())\n    step_3TX_species__mash(trimmed)\n    assembly = step_2AS_denovo__shovill(trimmed)\n}	nextflow.enable.dsl=2\n\ninclude { getSingleInput; optionalOrDefault; param } from '../functions/parameters.nf'\ninclude { step_3TX_species__mash } from '../steps/step_3TX_species__mash'\ninclude { step_1PP_trimming__fastp } from '../steps/step_1PP_trimming__fastp'\ninclude { step_2AS_denovo__shovill } from '../steps/step_2AS_denovo__shovill'\nworkflow {\n    raw = getSingleInput()\n    step_3TX_species__mash(raw)\n    trimmed   = step_1PP_trimming__fastp(raw).trimmed\n    assembled = step_2AS_denovo__shovill(trimmed).assembly\n}\n
J01_mobsuite_plasmid	J01_mobsuite_plasmid	J01	Detect and reconstruct plasmids from paired Illumina FASTQ using MOB-suite.	Y	Y	none		4	1	N	step_2AS_denovo__spades			step_2AS_denovo__spades, step_4TY_plasmid__mobsuite	step_2AS_denovo__spades, step_4TY_plasmid__mobsuite	step_4TY_plasmid__mobsuite	484	21	2	2	10.4	I will design a pipeline that includes assembly of Illumina reads followed by MOB-suite for plasmid detection and reconstruction. The pipeline will use the following steps: 1) Assemble the Illumina reads using SPAdes, and 2) Use MOB-suite to detect and reconstruct plasmids from the assembly.	nextflow.enable.dsl=2\n\n// --- IMPORTS ---\n\ninclude { getSingleInput } from '../functions/parameters.nf'\n\ninclude { step_2AS_denovo__spades } from '../steps/step_2AS_denovo__spades'\n\ninclude { step_4TY_plasmid__mobsuite } from '../steps/step_4TY_plasmid__mobsuite'\n\n// --- GLOBALS ---\n\n// --- INLINE PROCESSES ---\n\n// --- SUB WORKFLOWS ---\n\n// --- ENTRYPOINT ---\nworkflow {\n    assembled = step_2AS_denovo__spades(getSingleInput()).assembled\n    step_4TY_plasmid__mobsuite(assembled)\n}	nextflow.enable.dsl=2\n\ninclude { getSingleInput; optionalOrDefault; param } from '../functions/parameters.nf'\ninclude { step_4TY_plasmid__mobsuite } from '../steps/step_4TY_plasmid__mobsuite'\nworkflow {\n    step_4TY_plasmid__mobsuite(getSingleInput())\n}\n
J02_bbnorm_downsampling	J02_bbnorm_downsampling	J02	Read normalization / downsampling of paired Illumina FASTQ with BBnorm at k=25, target depth 100x.	Y	Y	none		1	1	Y				step_1PP_downsampling__bbnorm	step_1PP_downsampling__bbnorm	step_1PP_downsampling__bbnorm	400	22	1	2	9.9	Approved. I will proceed with the read normalization/downsampling step using BBnorm with k=25 and a target depth of 100x.	nextflow.enable.dsl=2\n\n// --- IMPORTS ---\n\ninclude { step_1PP_downsampling__bbnorm } from '../steps/step_1PP_downsampling__bbnorm'\n\ninclude { getSingleInput } from '../functions/parameters.nf'\n\n// --- GLOBALS ---\n\ndef k = '25'\n\ndef target = '100'\n\n// --- INLINE PROCESSES ---\n\n// --- SUB WORKFLOWS ---\n\n// --- ENTRYPOINT ---\nworkflow {\n    step_1PP_downsampling__bbnorm(getSingleInput(), k, target)\n}	nextflow.enable.dsl=2\n\ninclude { getSingleInput; optionalOrDefault; param } from '../functions/parameters.nf'\ninclude { step_1PP_downsampling__bbnorm } from '../steps/step_1PP_downsampling__bbnorm'\nworkflow {\n    step_1PP_downsampling__bbnorm(getSingleInput(), param('k'), param('target'))\n}\n
