"id","id","category","prompt","syntax_valid","semantic_valid","error_category","error_detail","n_processes","expected_processes","matches_gt_steps","extra_steps","missing_steps","hallucinated_steps","included_steps","called_steps","ground_truth_steps","code_chars","code_lines","n_workflow_calls","turns","elapsed_s","llm_reply_excerpt","nextflow_code","ground_truth_code"
"X01_multi_pangenome_panaroo_listeria","X01_multi_pangenome_panaroo_listeria","X01","Pangenome analysis with panaroo across multiple Listeria monocytogenes assemblies, each previously annotated with Prokka.","Y","N","silent_no_op","No process placeholders appeared. when: clause filtered everything?","0","1","N","step_4AN_genes__prokka","","","step_4AN_genes__prokka","step_4AN_genes__prokka","","668","35","1","2","11.8","Understood! I will proceed with the pangenome analysis pipeline using the Prokka annotation step and the Panaroo module for your Listeria monocytogenes assemblies.","nextflow.enable.dsl=2

// --- IMPORTS ---

include { getAssembly } from '../functions/parameters.nf'

include { getEmpty } from '../functions/common.nf'

include { step_4AN_genes__prokka } from '../steps/step_4AN_genes__prokka'

// --- GLOBALS ---

// --- INLINE PROCESSES ---

// --- SUB WORKFLOWS ---

workflow wf_prokka_and_panaroo {
    
    take:
        
        assemblies
        
    
    main:
        step_4AN_genes__prokka(assemblies.map { [ it[0], it[1], 'Bacteria', '-', '-', getEmpty() ] })

        prokka_out.map { it[1] }.collect().set { gffs }
        panaroo(gffs)
    
}

// --- ENTRYPOINT ---
workflow {
    wf_prokka_and_panaroo(getAssembly())
}","nextflow.enable.dsl=2

include { getInput; getVCFs; param; optionalOrDefault; getReferenceUnkeyed } from '../functions/parameters.nf'
include { multi_pangenome__panaroo } from '../multi/multi_pangenome__panaroo'
workflow {
    multi_pangenome__panaroo(getInput())
}
"
"X02_multi_clustering_vcf2mst","X02_multi_clustering_vcf2mst","X02","Build a minimum spanning tree from per-sample VCF files using vcf2mst (multi-sample clustering).","Y","Y","none","","2","2","Y","","","","","","","383","19","0","2","11.3","Approved. I will now draft the pipeline using the module_vcf2mst template to build a minimum spanning tree from per-sample VCF files.","nextflow.enable.dsl=2

// --- IMPORTS ---

include { multi_clustering__vcf2mst } from '../multi/multi_clustering__vcf2mst'

include { getVCFs } from '../functions/parameters.nf'

// --- GLOBALS ---

// --- INLINE PROCESSES ---

// --- SUB WORKFLOWS ---

// --- ENTRYPOINT ---
workflow {
    getVCFs().map { it[1] }.collect().set { inputSet }
    multi_clustering__vcf2mst(inputSet)
}","nextflow.enable.dsl=2

include { getInput; getVCFs; param; optionalOrDefault; getReferenceUnkeyed } from '../functions/parameters.nf'
include { multi_clustering__vcf2mst } from '../multi/multi_clustering__vcf2mst'
workflow {
    getVCFs()
        .map { it[1] }
        .collect()
        .set { inputSet }
    multi_clustering__vcf2mst(inputSet)
}
"
"X03_multi_clustering_grapetree_listeria","X03_multi_clustering_grapetree_listeria","X03","cgMLST-based clustering of multiple Listeria monocytogenes samples with grapetree, after their allelic profiles were generated.","Y","N","file_not_found","WARN: file not found: '/mnt/data/cohesive_llm_bench_scratch/_shared_inputdir/2026/2026.MULTI.GRAPE.2.1/4TY_cgMLST/DS99999-DT260224_chewbbaca/result/*_results_crc32.?sv'","0","2","Y","","","","","","","847","38","0","2","14.7","Understood. I will proceed with the cgMLST-based clustering of Listeria monocytogenes samples using the `module_grapetree` template. This will include steps for extracting cgMLST profiles, computing distance matrices, generating phylogenetic trees, and preparing metadata for visualization.","nextflow.enable.dsl=2

// --- IMPORTS ---

include { getInput; param } from '../functions/parameters.nf'

// --- GLOBALS ---

// --- INLINE PROCESSES ---

// --- SUB WORKFLOWS ---

workflow module_grapetree {
    
    take:
        
        input
        
        metadata
        
        geodata
        
    
    main:
        cgMLST = extract_cgMLST(input.collect()).cgMLST
        dists(cgMLST)
        nwk_nj = grapetree(cgMLST).nwk_nj
        augur(nwk_nj, metadata, geodata)
    
}

// --- ENTRYPOINT ---
workflow {
    GEO_RESOLUTION_COLUMNS = param('multi_clustering__reportree__summary_geo_column')
    SUMMARY_DATE_ALIASES = param('multi_clustering__reportree__summary_date_aliases')
    SAMPLE_COLUMN = param('multi_clustering__reportree__summary_sample_column')
    module_grapetree(getInput(), param('metadata'), param('geodata'))
}","nextflow.enable.dsl=2

include { getInput; getVCFs; param; optionalOrDefault; getReferenceUnkeyed } from '../functions/parameters.nf'
include { multi_clustering__grapetree } from '../multi/multi_clustering__grapetree'
workflow {
    multi_clustering__grapetree(getInput(), param('metadata'), param('geodata'))
}
"
"X04_multi_clustering_reportree_alleles_listeria","X04_multi_clustering_reportree_alleles_listeria","X04","ReporTree clustering on the allelic profiles of several Listeria samples.","Y","N","silent_no_op","No process placeholders appeared. when: clause filtered everything?","0","1","Y","","","","","","","2970","140","0","2","21.3","Approved. I will proceed with the ReporTree clustering pipeline using the module_grapetree template for your Listeria samples.","nextflow.enable.dsl=2

// --- IMPORTS ---

include { getInput; param } from '../functions/parameters.nf'

// --- GLOBALS ---

// --- INLINE PROCESSES ---

process extract_cgMLST {
    container 'ghcr.io/genpat-it/chewbbaca-w-chewie-schemas:2.8.5--16b816c96d'
    
    input:
    
    path(alleles)
    
    
    output:
    
    path '**'
    
    path 'cgMLST.tsv', emit: cgMLST
    
    path '*.sh', hidden: true
    
    
    script:
    """"""
for file in ${alleles} ; do awk 'FNR==1{print """"}1' \${file} | sed 's/,/\t/g' | sed -E ""s/^[^SF][^ai]\\S+/\${file}/"" | sed -E 's/DS[[:digit:]]+-DT[[:digit:]]+_([^_]+)_[[:graph:]]+/\\1/'; done | sort -ru  > results_alleles_all.tsv
chewie ExtractCgMLST -i results_alleles_all.tsv -o . > extract_cgMLST.log
    """"""
}

process dists {
    container 'quay.io/biocontainers/cgmlst-dists:0.4.0--hec16e2b_2'
    
    input:
    
    path(cgMLST)
    
    
    output:
    
    path '*'
    
    path '{*.sh,*.log}', hidden: true
    
    
    script:
    """"""
cgmlst-dists -c ${cgMLST} > cgMLST_dists_matrix.csv
    """"""
}

process grapetree {
    container 'quay.io/biocontainers/grapetree:2.1--pyh3252c3a_0'
    
    input:
    
    path(cgMLST)
    
    
    output:
    
    path '*'
    
    path '*.sh', hidden: true
    
    path(""cgMLST_NJ.nwk""), emit: nwk_nj
    
    
    script:
    """"""
grapetree -p ${cgMLST} > cgMLST.nwk
grapetree --method RapidNJ -p ${cgMLST} > cgMLST_NJ.nwk
    """"""
}

process augur {
    container 'quay.io/biocontainers/augur:22.0.0--pyhdfd78af_0'
    
    input:
    
    path(nwk)
    
    path(metadata)
    
    path(geodata)
    
    
    output:
    
    path '*'
    
    path '{*.sh,*.log}', hidden: true
    
    
    script:
    """"""
cat ${metadata} | sed 's/${SAMPLE_COLUMN}/name/i' \
   | sed 's/${SUMMARY_DATE_ALIASES}/date/i' > augur_metadata.tsv
METADATA_LIST=$(head -n 1 augur_metadata.tsv | tr $'\t' ' ')
augur refine --tree ${nwk} --output-tree tree_tt.nwk --output-node-data refine.node.json --metadata augur_metadata.tsv
augur export v2 --tree tree_tt.nwk --node-data refine.node.json --output auspice.json \
  --color-by-metadata ${METADATA_LIST} \
  --geo-resolutions ${GEO_RESOLUTION_COLUMNS} \
  --metadata augur_metadata.tsv \
  --lat-longs ${geodata}
    """"""
}

// --- SUB WORKFLOWS ---

workflow multi_clustering__grapetree {
    
    take:
        
        input
        
        metadata
        
        geodata
        
    
    main:
        cgMLST = extract_cgMLST(input.collect()).cgMLST
        dists(cgMLST)
        nwk_nj = grapetree(cgMLST).nwk_nj
        augur(nwk_nj, metadata, geodata)
    
}

// --- ENTRYPOINT ---
workflow {
    GEO_RESOLUTION_COLUMNS = param('multi_clustering__reportree__summary_geo_column')
    SUMMARY_DATE_ALIASES = param('multi_clustering__reportree__summary_date_aliases')
    SAMPLE_COLUMN = param('multi_clustering__reportree__summary_sample_column')
    multi_clustering__grapetree(getInput(), param('metadata'), param('geodata'))
}","nextflow.enable.dsl=2

include { getInput; getVCFs; param; optionalOrDefault; getReferenceUnkeyed } from '../functions/parameters.nf'
include { multi_clustering__reportree } from '../multi/multi_clustering__reportree_alleles'
workflow {
    multi_clustering__reportree(getInput(),
                                param('metadata'),
                                param('geodata'),
                                optionalOrDefault('multi_clustering__reportree__nomenclature', ''))
}
"
"X05_multi_clustering_reportree_vcf","X05_multi_clustering_reportree_vcf","X05","ReporTree clustering of multiple samples starting from their VCFs.","Y","Y","file_not_found","WARN: file not found: '/mnt/data/cohesive_llm_bench_scratch/_shared_inputdir/2026/2026.MULTI.VCF.1.1/2AS_mapping/DS99999-DT260224_snippy/result/*.fasta'","1","1","N","step_4TY_MLST__mlst","","","step_4TY_MLST__mlst","step_4TY_MLST__mlst","","480","31","1","2","19.5","I will design a custom pipeline for ReporTree clustering starting from VCF files. The pipeline will be tailored to your needs using the available tools.","nextflow.enable.dsl=2

// --- IMPORTS ---

include { step_4TY_MLST__mlst } from '../steps/step_4TY_MLST__mlst'

include { getSingleInput } from '../functions/parameters.nf'

// --- GLOBALS ---

// --- INLINE PROCESSES ---

// --- SUB WORKFLOWS ---

workflow module_surveillance {
    
    take:
        
        vcf
        
    
    main:
        step_4TY_MLST__mlst(vcf)
        reporTree(vcf)
    
}

// --- ENTRYPOINT ---
workflow {
    module_surveillance(getSingleInput())
}","nextflow.enable.dsl=2

include { getInput; getVCFs; param; optionalOrDefault; getReferenceUnkeyed } from '../functions/parameters.nf'
include { multi_clustering__reportree } from '../multi/multi_clustering__reportree_vcf'
workflow {
    multi_clustering__reportree(getVCFs(),
                                param('metadata'),
                                param('geodata'),
                                optionalOrDefault('multi_clustering__reportree__nomenclature', ''))
}
"
